egid,period,class,area_era_m2,is_hotwater_system,x,y,z,transformer,gas_grid,h2_grid,geothermal_well,geometry,system_heating,system_heating2,thermal_k1_cooling_W_m2_K,energy_heating_signature_kWh_y,energy_cooling_signature_kWh_y,power_heating_signature_kW,power_cooling_signature_kW,id_building,total_annual_irr_kWh_y,roof_annual_irr_kWh_y,facade_annual_irr_kWh_y,area_solar_m2,energy_hotwater_signature_kWh_y,power_hotwater_signature_W,waste_signature_kg_y,waste_signature_kW,temperature_threshold_cooling_C,temperature_threshold_heating_C,temperature_cooling_supply_C,temperature_cooling_return_C,temperature_heating_supply_C,temperature_heating_return_C,temperature_hotwater_supply_C,temperature_hotwater_return_C,area_net_floor_m2,area_footprint_m2,area_facade_m2,area_facade_solar_m2,area_roof_solar_m2,temperature_interior_C,capita_cap,ratio,status,source_heating,source_hotwater,system_hotwater,id_class,solar_gain_factor_signature_m2,thermal_specific_capacity_Wh_m2_K,energy_el_kWh_y,thermal_transmittance_signature_kW_m2_K,count_floor,height_m,length_footprint_m,length_footprint_facade_m,area_roof_m2,energy_heating_2024_kWh_y,energy_hotwater_2024_kWh_y,id_city,id_neighborhood,id_transformers_V2
1025518/1025517/295086785,<1919,Residential/Other,327.08,True,2490626.721364119,1118720.823450001,491.0651392940856,9780,True,False,,"POLYGON ((2490604.0430835583 1118741.914862936, 2490612.2729691057 1118737.896769993, 2490619.0577593404 1118734.5853142822, 2490619.1893000007 1118734.818500001, 2490622.370000001 1118740.4624999985, 2490623.2225 1118739.9824, 2490627.396499999 1118737.6303000003, 2490641.521299999 1118729.6713000014, 2490638.039999999 1118723.4924999997, 2490637.3249999993 1118723.897500001, 2490637.1708999984 1118723.6239, 2490640.6213000007 1118721.6794000007, 2490643.6587999985 1118719.9675000012, 2490643.5458510914 1118719.7670574577, 2490643.5422793864 1118719.7599235496, 2490643.536791792 1118719.74896174, 2490643.53678882 1118719.748957023, 2490643.536786321 1118719.7489520325, 2490640.7528863247 1118714.8099520318, 2490640.7495564306 1118714.8046684572, 2490640.629999999 1118714.5925000012, 2490640.4156145966 1118714.713282796, 2490640.4123881636 1118714.7148973348, 2490634.1418933505 1118718.247610716, 2490623.901299998 1118700.0725000016, 2490617.3374999985 1118703.7712999992, 2490611.6900000013 1118706.9538000003, 2490605.463799998 1118710.4613000005, 2490616.3555000015 1118729.7906000018, 2490612.549899999 1118731.648600001, 2490609.637600001 1118733.0702, 2490601.407499999 1118737.0874999985, 2490603.817499999 1118742.0238000005, 2490604.0232566255 1118741.923365486, 2490604.031810349 1118741.9196971105, 2490604.0430835583 1118741.914862936), (2490623.0161838075 1118739.5250581147, 2490622.9879 1118739.5661000013, 2490623.016183807 1118739.525058115, 2490623.0161838075 1118739.5250581147))",Solar thermal installation for multiple buildings/Not documented,Not documented,0.0,30276.510732679068,0.0,13.859754459527412,0.0,601110,1809019,1177108,631911,2040.889422804597,927.1194188070049,296.3496428962163,3646.8944906437973,1.9324632091831973,18.0,15.643304390363356,12.0,17.0,65.0,50.0,60.0,15.0,262.714859437751,734.5314325863663,3080.3191403059554,1026.76689605285,1014.1225267517469,20.04776813012112,6.3,0.4280298397945457/0.41274305980188336/0.15922710040357102,"['existing', 'existing', 'existing', 'existing', 'existing']",Gas/Oil/Other,Gas/Oil/Other,Boiler/Not documented,II/II/XIII,0.08105267773058056,117.26635685458746,7263.464,0.0017335709918062092,2.268802739390728,9.406789722811403,166.9303550368054,166.92970117762675,1014.1225267517469,36606.93172690763,5271.784,6638,10323,22556
1025512,<1919,Residential,100.0,True,2490750.295705326,1118832.441300001,488.69999999999993,9780,True,False,,"POLYGON ((2490767.656300001 1118824.4549999982, 2490759.0304000005 1118826.5069999993, 2490758.147500001 1118824.6413000003, 2490740.0713 1118833.191300001, 2490741.8013000004 1118836.8487999998, 2490743.2300000004 1118839.870000001, 2490760.5199999996 1118831.691300001, 2490761.285 1118833.2787999995, 2490770.218800001 1118831.3962999992, 2490768.932500001 1118827.9112999998, 2490767.656300001 1118824.4549999982))",Solar thermal installation for multiple buildings,Not documented,0.0,9541.288299999993,0.0,4.3983,0.0,600901,433671,253828,179843,679.4673172994156,274.8882744089473,87.86682740641263,1170.4499999999998,0.6202130522260273,18.0,15.5,12.0,17.0,65.0,50.0,60.0,15.0,80.32128514056224,174.362536494791,444.2135088242379,444.20947386899195,235.2578434304237,20.0,1.7,1.0,"['existing', 'existing']",Oil,Oil,Boiler,II,0.08480461966747949,119.39999999999402,2200.0,0.00181,2.0,10.519999999999998,71.70805886381737,71.70767531293848,235.2578434304237,12193.574297188752,1400.0,6638,10323,22556
1025527/1025539/1025537/1025536/1025526/295078512,<1919/1919-1945,Residential,721.88,True,2490559.3680521445,1118663.2594000008,481.3629430512055,9780,True,False,,"POLYGON ((2490574.3238000013 1118669.0388000011, 2490578.9087999985 1118660.7375000007, 2490573.7017468945 1118657.861337292, 2490574.274900557 1118656.7126246442, 2490574.2798293983 1118656.7013988476, 2490574.284760874 1118656.690168005, 2490574.2847620887 1118656.6901642852, 2490574.284763659 1118656.690160709, 2490574.2885693135 1118656.6785032006, 2490574.29237536 1118656.6668457245, 2490574.2923762025 1118656.6668419107, 2490574.292377417 1118656.6668381908, 2490574.2950246516 1118656.654852291, 2490574.2976671974 1118656.642889397, 2490574.297667662 1118656.6428855192, 2490574.297668506 1118656.642881698, 2490574.299127394 1118656.6307005172, 2490574.3005854227 1118656.6185297351, 2490574.300585505 1118656.6185258261, 2490574.30058597 1118656.6185219449, 2490574.3008437953 1118656.6062599085, 2490574.301101931 1118656.5940013356, 2490574.3011016296 1118656.5939974394, 2490574.301101712 1118656.5939935292, 2490574.300156781 1118656.5817701141, 2490574.299211749 1118656.5695404203, 2490574.2992110667 1118656.5695365672, 2490574.2992107654 1118656.5695326729, 2490574.2970729573 1118656.5574645575, 2490574.2949330793 1118656.5453825612, 2490574.294932023 1118656.545378796, 2490574.2949313414 1118656.5453749476, 2490574.291618806 1118656.533566859, 2490574.2883071285 1118656.5217604118, 2490574.2883057096 1118656.5217567708, 2490574.288304653 1118656.5217530052, 2490574.2838509297 1118656.5103271203, 2490574.279397708 1118656.4989014661, 2490574.2793959375 1118656.498897979, 2490574.279394518 1118656.498894338, 2490574.2738431757 1118656.4879617204, 2490574.2682906203 1118656.4770258686, 2490574.2682885174 1118656.4770225736, 2490574.2682867474 1118656.4770190874, 2490574.2616915223 1118656.466684761, 2490574.2550928327 1118656.456344293, 2490574.255090415 1118656.4563412173, 2490574.2550883135 1118656.456337924, 2490574.247511431 1118656.446699202, 2490574.239931447 1118656.4370559142, 2490574.239928742 1118656.437053093, 2490574.2399263256 1118656.437050019, 2490574.231441715 1118656.4282009446, 2490574.2229524762 1118656.41934649, 2490574.222949505 1118656.4193439449, 2490574.222946801 1118656.419341125, 2490574.2136354875 1118656.4113661295, 2490574.204319436 1118656.4033865717, 2490574.204316233 1118656.403384332, 2490574.204313263 1118656.4033817886, 2490574.1942613586 1118656.396355248, 2490574.1842117743 1118656.3893298618, 2490574.184208366 1118656.3893279468, 2490574.184205162 1118656.389325707, 2490574.1735143363 1118656.3833190452, 2490574.1628231374 1118656.3773117345, 2490569.74792314 1118654.174311734, 2490569.7479063934 1118654.1743043805, 2490569.747890446 1118654.1742954229, 2490569.736674068 1118654.169372254, 2490569.725459513 1118654.1644479304, 2490569.7254421264 1118654.164442254, 2490569.7254253775 1118654.1644349024, 2490569.713780456 1118654.1606348378, 2490569.7021372323 1118654.156833444, 2490569.7021193733 1118654.156829499, 2490569.7021019845 1118654.1568238246, 2490569.690141338 1118654.1541836087, 2490569.678180905 1118654.1515416068, 2490569.6781627433 1118654.151539431, 2490569.678144884 1118654.1515354887, 2490569.665982862 1118654.1500803125, 2490569.653821243 1118654.148623382, 2490569.653802958 1118654.1486229969, 2490569.6537847957 1118654.1486208239, 2490569.6415384933 1118654.1483647372, 2490569.6292928434 1118654.1481068735, 2490569.629274607 1118654.1481082826, 2490569.6292563207 1118654.1481079003, 2490569.617044026 1118654.1490533834, 2490569.6048319284 1118654.1499970558, 2490569.6048139185 1118654.1500002455, 2490569.604795682 1118654.1500016574, 2490569.5927347536 1118654.152139622, 2490569.5806740695 1118654.1542757251, 2490569.5806564586 1118654.1542806649, 2490569.5806384487 1118654.1542838574, 2490569.5688450523 1118654.1575937334, 2490569.55705192 1118654.160901676, 2490569.557034879 1118654.1609083177, 2490569.5570172677 1118654.1609132604, 2490569.54560532 1118654.1653630615, 2490569.534192974 1118654.1698110965, 2490569.534176665 1118654.1698193776, 2490569.5341596245 1118654.169826022, 2490569.5232397644 1118654.175372465, 2490569.5123173767 1118654.180918184, 2490569.5123019563 1118654.1809280245, 2490569.5122856507 1118654.1809363065, 2490569.5019618375 1118654.1875264912, 2490569.4916358013 1118654.1941159717, 2490569.491621421 1118654.194127275, 2490569.491606004 1118654.1941371164, 2490569.4819774623 1118654.2017077864, 2490569.4723474225 1118654.2092773572, 2490569.472334219 1118654.209290016, 2490569.4723198414 1118654.2093013208, 2490569.463479456 1118654.2177795505, 2490569.4546379982 1118654.2262563284, 2490569.4546261006 1118654.2262702188, 2490569.4546128986 1118654.22628288, 2490569.446646048 1118654.2355868476, 2490569.4386780798 1118654.244889368, 2490569.4386675996 1118654.2449043593, 2490569.438655704 1118654.2449182519, 2490569.4316388206 1118654.2549587975, 2490569.42462137 1118654.2649970301, 2490569.4246124118 1118654.2650129732, 2490569.4246019325 1118654.2650279682, 2490569.4186026817 1118654.275708478, 2490569.412603243 1118654.286385667, 2490569.4125958895 1118654.2864024134, 2490569.4125869316 1118654.2864183611, 2490568.030846646 1118657.056494348, 2490566.8324000016 1118656.489500001, 2490566.660599999 1118656.4081999995, 2490566.6537000015 1118656.4052000009, 2490547.2575000003 1118648.4813, 2490544.4312999994 1118655.3988000005, 2490540.1900000013 1118665.7813000008, 2490559.0975 1118673.5056999996, 2490559.0650000013 1118673.585000001, 2490565.2624999993 1118676.5163000003, 2490566.281300001 1118674.3621000014, 2490570.191300001 1118676.5212999992, 2490574.3238000013 1118669.0388000011))",Wood stove/Solar thermal installation for multiple buildings/Electrical heater for single building,Not documented/No heat generator,0.0,70869.25252004055,0.0,32.66898804000026,0.0,601078,1165691,831413,334278,1268.8331650364482,1924.217920852056,615.067791841508,8193.15,4.3414913655821925,18.0,15.5,12.0,17.0,65.0,50.0,60.0,15.0,579.8232931726907,553.0912477674169,5607.000000000001,589.9129972155445,678.9201678209038,20.000000000000004,11.9,0.2105613121294398/0.2782733972405386/0.16623261483903143/0.1523798969357788/0.10943647143569568/0.08311630741951571,"['existing', 'existing', 'existing', 'existing', 'existing', 'existing', 'existing', 'existing', 'existing', 'existing', 'existing', 'existing']",Oil/Electricity/Gas,Oil/Electricity/Gas,Boiler/Central electrical boiler,II/II/II/II/II/II,0.08725801608101802,119.39999999999502,15881.36,0.0018623632736743097,2.0955837535325026,8.047029725998794,116.13490555762031,116.16804490775452,678.9201678209038,88022.97413654618,10106.32,6638,10323,22556
1025515/1025546,1919-1945,Residential,218.0,True,2490649.7644045847,1118769.1919,491.2903394698566,9780,True,False,,"POLYGON ((2490643.0696595022 1118740.7750185907, 2490640.7863 1118741.5887999982, 2490639.759093361 1118741.9551534993, 2490638.4847554993 1118742.409423413, 2490638.4807862476 1118742.4110620462, 2490638.2487999983 1118742.4937999994, 2490640.6761999987 1118749.3049000017, 2490631.2487999983 1118752.664999999, 2490634.4327000007 1118761.5975000001, 2490634.545000002 1118761.9125000015, 2490635.6900000013 1118765.1237999983, 2490637.0687999986 1118764.6325000003, 2490642.4562 1118779.7476999983, 2490629.1174999997 1118784.2225000001, 2490630.489599999 1118788.3114, 2490631.776299998 1118792.147500001, 2490654.896299999 1118784.3913000003, 2490653.6099999994 1118780.5549999997, 2490652.3093999997 1118776.680399999, 2490662.285 1118773.2600000016, 2490655.5691 1118754.4188, 2490655.4573 1118754.1052, 2490653.5439999998 1118748.736299999, 2490653.465262682 1118748.5153536322, 2490653.4644288756 1118748.512595099, 2490653.46089325 1118748.5008860389, 2490652.6886326685 1118746.3338651126, 2490653.002837137 1118746.2211177913, 2490653.004703532 1118746.2203427113, 2490653.236299999 1118746.1374999993, 2490653.1613555513 1118745.9272679703, 2490653.1609614315 1118745.925277425, 2490653.1608964796 1118745.9250626254, 2490653.1608525007 1118745.9248425777, 2490653.157346104 1118745.91332135, 2490653.1538603357 1118745.9017937367, 2490651.423718306 1118741.0528974815, 2490650.3938000016 1118738.1638000011, 2490648.9033459327 1118738.6954537348, 2490643.0696595022 1118740.7750185907))",Boiler for multiple buildings/Solar thermal installation for multiple buildings,Not documented,0.0,23213.269148000032,0.0,10.700747999999999,0.0,601102,1708059,1205446,502613,1935.4535556608425,582.1163458056184,186.07092862484436,2478.6,1.313392345890411,18.0,15.5,12.0,17.0,65.0,50.0,60.0,15.0,175.1004016064257,817.1970657832258,2879.4,934.4460292147426,1001.0075264461001,20.000000000000004,3.6,0.3944954128440367/0.6055045871559633,"['existing', 'existing', 'existing', 'existing']",Gas/Oil,Gas/Oil,Boiler,II/II,0.09464382968415071,119.39999999999452,4796.0,0.00202,2.211009174311733,8.22033946985657,175.14143266846716,175.14346257348777,1001.0075264461001,26581.991967871483,3052.0,6638,10323,22556
1025534,<1919,Residential,250.0,True,2490591.0646334,1118625.4444000013,485.098584061356,9780,True,False,,"POLYGON ((2490596.2974999994 1118636.6662999988, 2490601.067499999 1118630.6950000003, 2490597.9288000017 1118628.1875, 2490601.4113 1118623.826299999, 2490590.3563 1118614.9963000007, 2490588.397500001 1118617.4463, 2490582.9888000004 1118624.2188000008, 2490581.031300001 1118626.6700000018, 2490592.0874999985 1118635.5, 2490593.158399999 1118634.1594999991, 2490595.1587999985 1118635.7569000013, 2490596.2974999994 1118636.6662999988), (2490595.136626694 1118635.4189510215, 2490595.1366266944 1118635.4189510217, 2490595.1587999985 1118635.7569000013, 2490595.136626694 1118635.4189510215))",Solar thermal installation for multiple buildings,Not documented,0.0,23853.220749999986,0.0,10.995750000000001,0.0,601104,546458,314203,232255,707.7921678482337,679.1357367617834,217.08275005866233,2891.7000000000003,1.5322910702054797,18.0,15.5,12.0,17.0,65.0,50.0,60.0,15.0,200.80321285140562,198.37531197905358,430.4554394384273,430.4549737227889,277.3371941254448,20.0,4.2,1.0,"['existing', 'existing']",Oil,Oil,Boiler,II,0.08480461966749346,119.3999999999976,5500.0,0.00181,2.9999999999999996,10.400186694754055,60.716376600255224,60.71633182070924,277.3371941254448,30483.935742971884,3500.0,6638,10323,22556
2042550,1946-1960,Industrial,448.26000000000005,True,2490034.268863697,1118947.0073499996,476.76594990744144,9786,True,False,,"POLYGON ((2490016.3988000005 1118937.5274999999, 2490027.3691000007 1118947.6622000001, 2490028.1125999987 1118948.3487000018, 2490024.142499998 1118952.6462999992, 2490024.3264391893 1118952.8162208872, 2490024.3265674952 1118952.8163516412, 2490024.326573845 1118952.8163569537, 2490024.326579644 1118952.8163628622, 2490024.3870185404 1118952.872183388, 2490030.8999999985 1118958.888799999, 2490031.2525000013 1118958.507199999, 2490034.146299999 1118961.1812999994, 2490034.146311312 1118961.1812877534, 2490036.1810000017 1118963.061999999, 2490038.215999998 1118964.9420000017, 2490040.6229999997 1118962.3370000012, 2490043.030000001 1118959.7320000008, 2490040.995000001 1118957.8520000018, 2490038.960000001 1118955.9710000008, 2490036.559337561 1118958.5691411113, 2490038.4338000007 1118956.539999999, 2490035.539500002 1118953.8671999983, 2490042.482500002 1118946.352499999, 2490042.30245506 1118946.186165495, 2490042.2983529763 1118946.1819842241, 2490042.2983489814 1118946.1819808811, 2490042.298345333 1118946.1819771626, 2490036.1635496747 1118940.51443806, 2490036.352499999 1118940.3099999987, 2490024.1999999993 1118929.0837999992, 2490020.3099999987 1118933.2925000004, 2490016.3988000005 1118937.5274999999))",Not documented,Not documented,0.0,55138.21323131985,0.0,23.83488072,0.0,600951,746098,482728,263370,733.1678606350583,166.1070682726427,53.095393502249834,0.0,0.0,18.0,16.4,12.0,17.0,65.0,50.0,60.0,15.0,360.04819277108436,361.49224617150827,524.6597641126498,355.4839476525214,377.683912982537,18.0,22.4,1.0,"['existing', 'existing', 'existing', 'existing', 'existing', 'existing', 'existing', 'existing']",Other,Other,Not documented,IX,0.034246492262680596,112.51000000001969,7620.420000000001,0.00211,2.0,6.693590065711055,114.58057817710721,89.30627622563912,377.683912982537,22055.112096385543,3137.82,6638,10323,22556
1025501,1971-1980,Residential,80.0,True,2489967.7941408902,1118946.13875,473.90000000000003,9786,True,False,,"POLYGON ((2489956.468800001 1118947.5474999994, 2489959.0801 1118950.0099, 2489963.0386000015 1118953.742800001, 2489967.0513000004 1118957.5274999999, 2489980.0150000006 1118943.7800000012, 2489976.0025999993 1118939.996199999, 2489972.0438 1118936.2624999993, 2489964.354200002 1118944.4169000015, 2489961.7437999994 1118941.9549999982, 2489959.1262999997 1118944.7300000004, 2489956.468800001 1118947.5474999994))",Solar thermal installation for multiple buildings,Not documented,0.0,8813.83095999998,0.0,4.0629599999999995,0.0,600929,496137,319724,176413,513.8716472801544,210.20868043208208,67.19227978192113,895.0500000000001,0.4742805693493151,18.0,15.5,12.0,17.0,65.0,50.0,60.0,15.0,64.25702811244979,186.69689434435648,448.7,257.8367600947722,256.0348871853822,20.0,1.3,1.0,"['existing', 'existing']",Oil,Oil,Boiler,II,0.09792356635636701,119.39999999999253,1760.0,0.00209,2.0,7.37,60.88245986834874,61.185347232908356,256.0348871853822,9754.859437751002,1120.0,6638,10323,22556
1025498/1025499,1961-1970,Residential,261.83000000000004,True,2490257.262527438,1118727.4001000002,473.31047278973267,9781,True,False,,"POLYGON ((2490263.9662999995 1118745.5100000016, 2490274.1963 1118738.5113000013, 2490271.354600001 1118734.3564999998, 2490271.9250000007 1118733.9662999995, 2490265.0878 1118723.9736000001, 2490263.2399999984 1118721.272500001, 2490265.0738000013 1118720.0500000007, 2490260.6999999993 1118713.6574999988, 2490251.451299999 1118719.9857, 2490245.0275 1118724.3812999986, 2490250.3150000013 1118732.1099999994, 2490252.7874 1118730.4189000018, 2490253.7052999996 1118731.7611000016, 2490260.5425000004 1118741.753800001, 2490261.1242999993 1118741.3557000011, 2490263.9662999995 1118745.5100000016))",Solar thermal installation for multiple buildings,Not documented,0.0,27880.414041380038,0.0,12.852187380000002,0.0,600978,793993,558600,235393,790.5071285664442,695.3056352643463,222.25138696745313,2960.5499999999997,1.5687741909246575,18.0,15.5,12.0,17.0,65.0,50.0,60.0,15.0,210.30522088353413,357.61592766458676,682.3678856609595,341.1662500811394,449.3408784853048,20.0,4.3,0.5346980865447045/0.46530191345529537,"['existing', 'existing', 'existing', 'existing']",Oil,Oil,Boiler,II/II,0.09464382968415476,119.39999999999546,5760.26,0.00202,1.534698086544678,6.300472789732756,88.27408224004965,88.2712740778798,449.3408784853048,31926.435582329315,3665.62,6638,10323,22556
1025547,<1919,Residential,280.0,True,2490454.6286602346,1118147.0768999998,455.1000000000001,9780,True,False,,"POLYGON ((2490448.1213000007 1118160.7212999985, 2490469.3088000007 1118143.4688000008, 2490465.6499999985 1118138.9750000015, 2490462.048799999 1118134.5524999984, 2490452.204999998 1118142.5687999986, 2490451.2925000004 1118141.4475000016, 2490439.9488000013 1118150.6849999987, 2490444.4613000005 1118156.227499999, 2490448.1213000007 1118160.7212999985))",Wood stove,Not documented,0.0,26715.607239999983,0.0,12.315240000000001,0.0,601047,779261,484053,295208,857.0036948192851,915.1955738461871,292.5382383194088,4819.5,2.553818450342466,18.0,15.5,12.0,17.0,65.0,50.0,60.0,15.0,224.89959839357428,258.7819894782837,476.7654283479334,476.7512562442531,380.252438575032,20.0,7.0,1.0,"['existing', 'existing', 'existing']",Oil,Electricity,Central electrical boiler,I,0.08683896932663188,120.29999999999959,7840.0,0.00181,2.0,8.41,72.53604324024455,72.53435809117437,380.252438575032,20648.032128514056,5880.0,6638,10323,22556
1025550,<1919,Residential,180.0,True,2490693.512559193,1118741.6369000003,490.3500000000001,9780,True,False,,"POLYGON ((2490700.9032999985 1118748.5493, 2490705.6050000004 1118745.7087999992, 2490697.535 1118728.289999999, 2490692.7575999983 1118730.9706000015, 2490688.968800001 1118733.0962999985, 2490681.003800001 1118737.5650000013, 2490690.701299999 1118754.7124999985, 2490697.1724000014 1118750.8033000007, 2490700.9032999985 1118748.5493))",Solar thermal installation for multiple buildings,Not documented,0.0,17174.31893999999,0.0,7.91694,0.0,601124,709852,470225,239627,745.8614847765853,485.0969548323014,155.0591071855439,2065.5,1.0944936215753425,18.0,15.5,12.0,17.0,65.0,50.0,60.0,15.0,144.57831325301203,298.63104799172135,378.66124933104453,378.6609369396285,367.2005478369567,20.0,3.0,1.0,"['existing', 'existing']",Oil,Oil,Boiler,II,0.08480461966748984,119.39999999999668,3960.0,0.00181,2.0,7.870000000000001,69.24969877398895,69.2496590800352,367.2005478369567,21948.433734939757,2520.0,6638,10323,22556
1025513,<1919,Residential,350.0,True,2490720.7418585885,1118764.6281000003,492.76,9780,True,False,,"POLYGON ((2490711.932500001 1118755.4087999985, 2490716.1196000017 1118762.5648999996, 2490707.7863 1118766.691300001, 2490712.9213000014 1118777.0625, 2490731.4800000004 1118767.8713000007, 2490720.771299999 1118750.0538000017, 2490711.932500001 1118755.4087999985))",Solar thermal installation for multiple buildings,Not documented,0.0,33394.50904999998,0.0,15.394050000000002,0.0,601126,785034,460208,324826,1024.6352016655928,937.8541126675455,299.78094055608517,3993.2999999999997,2.1160210017123284,18.0,15.5,12.0,17.0,65.0,50.0,60.0,15.0,281.12449799196787,266.41488950103104,632.0670718373809,631.6269956270153,393.0082060385776,20.0,5.8,1.0,"['existing', 'existing']",Oil,Electricity,Central electrical boiler,II,0.08480461966749613,119.3999999999983,7700.0,0.00181,2.0,11.17,74.99469727915847,74.9552992298867,393.0082060385776,42677.51004016064,4900.0,6638,10323,22556
1025503,<1919,Tourism,150.0,True,2490357.645987143,1118594.9119000006,474.21607298761427,9780,True,False,,"POLYGON ((2490342.0920185847 1118579.8575128033, 2490342.0873495 1118579.8688477653, 2490342.087347404 1118579.8688547236, 2490342.087344636 1118579.8688614443, 2490342.083809706 1118579.8805997823, 2490342.080273737 1118579.8923390987, 2490342.080272333 1118579.892346231, 2490342.0802702378 1118579.8923531887, 2490342.0779032395 1118579.9043796975, 2490342.0755346 1118579.916410861, 2490342.0755339013 1118579.9164180967, 2490342.0755324983 1118579.9164252263, 2490342.07435554 1118579.9286275075, 2490342.073177728 1118579.940831228, 2490342.0731777423 1118579.940838495, 2490342.0731770443 1118579.94084573, 2490342.073201795 1118579.9531089405, 2490342.0732258195 1118579.965365018, 2490342.0732265455 1118579.9653722458, 2490342.0732265604 1118579.965379517, 2490342.0744531415 1118579.9775807003, 2490342.0756784114 1118579.9897759573, 2490342.0756798433 1118579.9897830824, 2490342.07568057 1118579.989790314, 2490342.078097046 1118580.0018119034, 2490342.080511884 1118580.0138289554, 2490342.0805140063 1118580.0138359035, 2490342.080515439 1118580.0138430311, 2490342.084099301 1118580.0255721696, 2490342.087679688 1118580.0372923682, 2490342.087682481 1118580.0372990742, 2490342.0876846057 1118580.037306028, 2490342.0924002468 1118580.0486259179, 2490342.0971127935 1118580.059940231, 2490342.097116232 1118580.0599466334, 2490342.097119027 1118580.059953343, 2490342.102919167 1118580.0707521597, 2490342.1087203547 1118580.081554432, 2490345.6958090244 1118586.0397330946, 2490337.5177000016 1118591.414999999, 2490337.0962999985 1118590.7738000005, 2490328.719999999 1118596.2787999995, 2490321.9725 1118600.7137999982, 2490323.3772253967 1118602.8508989213, 2490318.4763033343 1118606.0715838305, 2490318.4762945105 1118606.0715902706, 2490318.476285101 1118606.071595814, 2490318.4663871657 1118606.07882113, 2490318.4564862424 1118606.0860473027, 2490318.4564780924 1118606.0860545766, 2490318.4564692713 1118606.0860610157, 2490318.4473266085 1118606.094222237, 2490318.438182243 1118606.102383544, 2490318.438174846 1118606.1023915806, 2490318.438166698 1118606.1023988542, 2490318.429867259 1118606.1114177185, 2490318.421567614 1118606.1204352274, 2490318.421561041 1118606.1204439497, 2490318.4215536444 1118606.1204519877, 2490318.414178994 1118606.1302398217, 2490318.4068023637 1118606.1400285054, 2490318.4067966756 1118606.1400378328, 2490318.406790104 1118606.1400465544, 2490318.4004099946 1118606.1505106655, 2490318.3940286892 1118606.1609746842, 2490318.3940239446 1118606.16098452, 2490318.3940182575 1118606.1609938478, 2490318.3886939865 1118606.1720340634, 2490318.383369608 1118606.1830720403, 2490318.3833658495 1118606.1830822963, 2490318.383361105 1118606.1830921343, 2490318.3791446066 1118606.1946010452, 2490318.3749277727 1118606.2061077643, 2490318.3749250383 1118606.2061183369, 2490318.37492128 1118606.206128595, 2490318.371852918 1118606.217996296, 2490318.3687844826 1118606.2298600096, 2490318.3687827974 1118606.2298708002, 2490318.368780063 1118606.2298813763, 2490318.3668897254 1118606.2419926124, 2490318.3649989017 1118606.2541000291, 2490318.3649982824 1118606.2541109321, 2490318.3649965976 1118606.2541217261, 2490318.364302471 1118606.2663599371, 2490318.3636074867 1118606.278594378, 2490318.363607939 1118606.27860529, 2490318.3636073205 1118606.2786161962, 2490318.3641161015 1118606.2908637791, 2490318.364623638 1118606.3031071625, 2490318.3646251573 1118606.3031179763, 2490318.364625611 1118606.303128892, 2490318.3663323233 1118606.3152669766, 2490318.368037569 1118606.327402311, 2490318.3680401416 1118606.3274129261, 2490318.3680416625 1118606.3274237425, 2490318.370929424 1118606.3393341426, 2490318.3738164017 1118606.351245848, 2490318.373820003 1118606.351256161, 2490318.3738225764 1118606.351266775, 2490318.3778637415 1118606.3628364454, 2490318.3819044833 1118606.374408147, 2490318.381909078 1118606.374418057, 2490318.3819126794 1118606.3744283682, 2490318.3870682805 1118606.3855459415, 2490318.392223921 1118606.3966661426, 2490318.3922294653 1118606.3966755555, 2490318.39223406 1118606.3966854631, 2490318.3984541446 1118606.4072434807, 2490318.404675333 1118606.4178054782, 2490318.4046817734 1118606.4178143027, 2490318.4046873166 1118606.4178237119, 2490327.0164873167 1118619.519923709, 2490327.023715011 1118619.529824902, 2490327.0309439623 1118619.5397289502, 2490327.0309485 1118619.5397340343, 2490327.0309525183 1118619.539739539, 2490327.0391179896 1118619.548886963, 2490327.0472808043 1118619.5580324132, 2490327.0472858176 1118619.5580370273, 2490327.047290357 1118619.5580421123, 2490327.056312135 1118619.566344232, 2490327.065333033 1118619.5746464496, 2490327.0653384766 1118619.5746505514, 2490327.0653434903 1118619.5746551654, 2490327.075133473 1118619.5820314349, 2490327.0849267957 1118619.589411057, 2490327.0849326155 1118619.5894146059, 2490327.084938057 1118619.589418706, 2490327.095405013 1118619.5958005497, 2490327.105873394 1118619.6021840442, 2490327.1058795317 1118619.6021870049, 2490327.1058853506 1118619.6021905525, 2490327.116929341 1118619.607516644, 2490327.1279710997 1118619.6128424, 2490327.1279774974 1118619.6128447445, 2490327.1279836367 1118619.6128477051, 2490327.139496401 1118619.6170656148, 2490327.151007101 1118619.6212834795, 2490327.1510136984 1118619.6212851857, 2490327.1510200975 1118619.62128753, 2490327.1628893204 1118619.6243562852, 2490327.1747595477 1118619.6274259896, 2490327.1747662816 1118619.627427041, 2490327.174772879 1118619.6274287468, 2490327.186886335 1118619.6293194308, 2490327.1989996913 1118619.6312107749, 2490327.1990064946 1118619.6312111611, 2490327.1990132285 1118619.6312122121, 2490327.2112556566 1118619.631906578, 2490327.223494086 1118619.632601386, 2490327.223500893 1118619.6326011035, 2490327.223507699 1118619.6326014895, 2490327.2357585556 1118619.6320925723, 2490327.248006837 1118619.6315844303, 2490327.2480135863 1118619.6315834818, 2490327.2480203947 1118619.631583199, 2490327.260160071 1118619.6298762627, 2490327.2723018737 1118619.628169702, 2490327.2723084977 1118619.6281680963, 2490327.272315245 1118619.6281671475, 2490327.284229256 1118619.6252785102, 2490327.2961452208 1118619.6223900863, 2490327.296151655 1118619.6223878395, 2490327.2961582774 1118619.6223862336, 2490327.307732081 1118619.6183436248, 2490327.3193072546 1118619.6143012443, 2490327.3193134377 1118619.6142983774, 2490327.319319871 1118619.6142961304, 2490327.330442009 1118619.6091384124, 2490327.3415649114 1118619.603981076, 2490327.341570783 1118619.6039776173, 2490327.3415769655 1118619.6039747503, 2490327.352138679 1118619.597752488, 2490327.3627038384 1118619.5915289705, 2490333.9267038377 1118615.277628976, 2490333.9267244674 1118615.277613918, 2490333.9267464667 1118615.2776009534, 2490333.936632323 1118615.2703821876, 2490333.946520455 1118615.2631648532, 2490333.9465395072 1118615.2631478482, 2490333.9465601323 1118615.2631327875, 2490333.9556910484 1118615.254979597, 2490333.964823918 1118615.2468280112, 2490333.964841213 1118615.246809219, 2490333.964860261 1118615.2467922107, 2490333.9731480554 1118615.2377832956, 2490333.981437954 1118615.2287757825, 2490333.981453323 1118615.2287553872, 2490333.9814706133 1118615.2287365922, 2490333.988835594 1118615.2189585487, 2490333.9962025615 1118615.2091820198, 2490333.9962158576 1118615.2091602152, 2490333.996231222 1118615.209139817, 2490334.002602611 1118615.1986864898, 2490334.0089755487 1118615.188235422, 2490334.008986642 1118615.1882124224, 2490334.008999935 1118615.1881906132, 2490334.014315995 1118615.177163207, 2490334.019633905 1118615.1661377158, 2490334.019642692 1118615.1661137359, 2490334.0196537813 1118615.1660907327, 2490334.0238633156 1118615.1545955054, 2490334.028074984 1118615.1431017148, 2490334.028081377 1118615.1430769926, 2490334.02809016 1118615.1430530094, 2490334.031152935 1118615.131199599, 2490334.034217494 1118615.1193492678, 2490334.0342214336 1118615.119324038, 2490334.034227823 1118615.1192993096, 2490334.0361139253 1118615.1072033301, 2490334.0380022796 1118615.0951091242, 2490334.0380037273 1118615.0950836276, 2490334.0380076617 1118615.0950583941, 2490334.038699029 1118615.082836493, 2490334.039392891 1118615.0706147295, 2490334.0393918324 1118615.0705892132, 2490334.0393932746 1118615.0705637163, 2490334.0388833764 1118615.058333373, 2490334.038375935 1118615.0461019785, 2490334.03837238 1118615.0460766875, 2490334.0383713166 1118615.0460511732, 2490334.0366649283 1118615.0339285464, 2490334.0349612064 1118615.021806942, 2490334.0349551914 1118615.021782127, 2490334.034951631 1118615.0217568341, 2490334.032065131 1118615.009859411, 2490334.029181591 1118614.9979635947, 2490334.029173171 1118614.9979394851, 2490334.0291671497 1118614.9979146668, 2490334.0251288665 1118614.9863588007, 2490334.021092749 1118614.974801561, 2490334.021082006 1118614.9747783912, 2490334.0210735817 1118614.9747542841, 2490334.015922195 1118614.9636501514, 2490334.0107725807 1118614.952543904, 2490334.0107596186 1118614.952521899, 2490334.0107488716 1118614.9524987335, 2490334.0045340555 1118614.9419532667, 2490333.998320475 1118614.931404977, 2490333.9983054176 1118614.9313843471, 2490333.9982924527 1118614.9313623481, 2490333.998096891 1118614.9310649156, 2490338.8737999983 1118611.7263000011, 2490337.594799999 1118609.7802000009, 2490345.970400002 1118604.2747999988, 2490346.682500001 1118605.3575000018, 2490354.545000002 1118600.1887999997, 2490353.842500001 1118599.0899999999, 2490354.8649000004 1118598.4748000018, 2490358.7316000015 1118596.1468000002, 2490364.921388816 1118606.4297098566, 2490364.9213621938 1118606.4297241524, 2490364.91122141 1118606.436528262, 2490364.9010771 1118606.4433282996, 2490364.9010348017 1118606.443363118, 2490364.9009893127 1118606.4433936398, 2490364.891564105 1118606.4511590993, 2490364.882135337 1118606.458920566, 2490364.882096659 1118606.4589593594, 2490364.8820543764 1118606.458994196, 2490364.873435393 1118606.4676464049, 2490364.864813093 1118606.4762943687, 2490364.8647784027 1118606.4763367674, 2490364.8647397393 1118606.4763755798, 2490364.857010504 1118606.4858307126, 2490364.8492771904 1118606.4952823888, 2490364.8492468223 1118606.4953279847, 2490364.84921215 1118606.4953703987, 2490364.842446825 1118606.5055377106, 2490364.8356772494 1118606.515701761, 2490364.835651498 1118606.5157501115, 2490364.8356211483 1118606.5157957224, 2490364.829885017 1118606.5265771074, 2490364.8241442437 1118606.5373558358, 2490364.8241233537 1118606.537406481, 2490364.824097623 1118606.5374548435, 2490364.8194460035 1118606.548746236, 2490364.8147892435 1118606.5600360723, 2490364.8147734185 1118606.5600885204, 2490364.8147525517 1118606.560139173, 2490364.8112300294 1118606.5718323034, 2490364.807702342 1118606.5835240479, 2490364.8076917343 1118606.583577794, 2490364.8076759325 1118606.5836302484, 2490364.805316464 1118606.5956125224, 2490364.8029517904 1118606.6075935601, 2490364.802946502 1118606.6076480863, 2490364.8029359174 1118606.607701838, 2490364.8017622344 1118606.6198581352, 2490364.8005833384 1118606.6320128068, 2490364.80058342 1118606.6320675858, 2490364.8005781546 1118606.632122119, 2490364.8006016496 1118606.6443350886, 2490364.800619796 1118606.6565466167, 2490364.8006252465 1118606.6566011251, 2490364.8006253517 1118606.6566559107, 2490364.8018457387 1118606.668807019, 2490364.8030608115 1118606.6809587164, 2490364.8030715794 1118606.6810124337, 2490364.8030770537 1118606.6810669394, 2490364.8054825584 1118606.693039807, 2490364.8078828775 1118606.7050140037, 2490364.8078988576 1118606.7050664022, 2490364.807909649 1118606.7051201137, 2490364.811477159 1118606.7167996874, 2490364.815039554 1118606.728480813, 2490364.8150605946 1118606.7285313962, 2490364.8150765975 1118606.728583788, 2490364.8197716195 1118606.739857184, 2490364.8244619193 1118606.7511331465, 2490364.824487816 1118606.751181423, 2490364.8245088775 1118606.7512319947, 2490364.830286256 1118606.7619908731, 2490364.83605923 1118606.7727528494, 2490364.8360897345 1118606.7727983561, 2490364.836115651 1118606.7728466187, 2490369.7370156534 1118614.9139466188, 2490369.7438450875 1118614.9241251466, 2490369.750673653 1118614.9343040718, 2490369.7506797747 1118614.934311503, 2490369.7506851405 1118614.9343195, 2490369.7584793 1118614.9437795414, 2490369.7662727525 1118614.9532402083, 2490369.766279575 1118614.9532470056, 2490369.766285697 1118614.9532544361, 2490369.7749688243 1118614.9619042194, 2490369.783652804 1118614.9705561828, 2490369.7836602586 1118614.9705622778, 2490369.7836670806 1118614.9705690735, 2490369.7931576325 1118614.9783272622, 2490369.8026464283 1118614.9860852333, 2490369.8026544433 1118614.9860905674, 2490369.8026618995 1118614.9860966625, 2490369.812867043 1118614.9928871607, 2490369.823070706 1118614.9996778064, 2490369.8230792065 1118614.99968233, 2490369.823087223 1118614.999687664, 2490369.833906955 1118615.0054441974, 2490369.84472894 1118615.0112029982, 2490369.844737845 1118615.0112066674, 2490369.8447463443 1118615.0112111894, 2490369.8560780054 1118615.015879398, 2490369.867412551 1118615.020549815, 2490369.8674217714 1118615.0205525935, 2490369.867430674 1118615.0205562608, 2490369.8791671596 1118615.0240918435, 2490369.8909030817 1118615.0276282413, 2490369.890912528 1118615.0276301021, 2490369.890921749 1118615.02763288, 2490369.902947722 1118615.0300009535, 2490369.9149743067 1118615.0323701089, 2490369.914983893 1118615.032371035, 2490369.9149933388 1118615.0323728952, 2490369.9271924756 1118615.0335507141, 2490369.939394406 1118615.0347297501, 2490369.9394040355 1118615.0347297324, 2490369.9394136197 1118615.0347306577, 2490369.951671103 1118615.0347070773, 2490369.9639282012 1118615.0346844408, 2490369.9639377818 1118615.0346834795, 2490369.9639474116 1118615.0346834608, 2490369.976144139 1118615.0334584925, 2490369.9883394185 1118615.0322346173, 2490369.988348859 1118615.0322327213, 2490369.9883584403 1118615.032231759, 2490370.000375385 1118615.0298173986, 2490370.0123929647 1118615.0274038727, 2490370.012402175 1118615.02740106, 2490370.0124116144 1118615.0273991637, 2490370.02413418 1118615.0238185215, 2490370.0358571904 1118615.0202387294, 2490370.035866079 1118615.0202350284, 2490370.035875289 1118615.0202322153, 2490370.047191 1118615.0155195703, 2490370.0585061223 1118615.0108081922, 2490370.058514606 1118615.0108036373, 2490370.058523495 1118615.0107999353, 2490370.069321831 1118615.0050013687, 2490370.0801216397 1118614.999203082, 2490384.20712164 1118606.4963030785, 2490384.2072598995 1118606.4962103267, 2490384.2074064747 1118606.4961313808, 2490384.2174463747 1118606.4893766965, 2490384.227495573 1118606.4826351588, 2490384.2276240755 1118606.482529302, 2490384.227762207 1118606.4824363692, 2490384.237091802 1118606.4747300334, 2490384.2464317093 1118606.4670360591, 2490384.2465492142 1118606.4669181192, 2490384.2466775747 1118606.4668120923, 2490384.2552069966 1118606.4582282992, 2490384.2637476837 1118606.4496560076, 2490384.263853063 1118606.4495271184, 2490384.263970413 1118606.4494090201, 2490384.2716173595 1118606.4400305855, 2490384.279276734 1118606.4306623836, 2490384.279368974 1118606.4305237841, 2490384.2794741816 1118606.430394754, 2490384.286165014 1118606.4203120146, 2490384.292869307 1118606.4102381058, 2490384.2929475172 1118606.4100911326, 2490384.2930395715 1118606.4099524117, 2490384.2987099467 1118606.3992623284, 2490384.304394499 1118606.3885798713, 2490384.3044579257 1118606.3884259423, 2490384.3045359408 1118606.388278864, 2490384.3091312144 1118606.3770844273, 2490384.3137413156 1118606.3658962608, 2490384.3137893495 1118606.3657368547, 2490384.3138525723 1118606.3655828394, 2490384.3151537157 1118606.3612439677, 2490388.441300001 1118604.048799999, 2490394.7300000004 1118601.2263000011, 2490394.101300001 1118598.835000001, 2490393.4274999984 1118596.2705000006, 2490392.8825000003 1118594.1988000013, 2490392.079999998 1118592.4125000015, 2490384.9213999994 1118595.625, 2490378.316224817 1118584.652634709, 2490379.6374211907 1118583.8582635121, 2490379.6374780154 1118583.8582254297, 2490379.6375382836 1118583.8581930664, 2490379.647668129 1118583.851396285, 2490379.6578015303 1118583.8446051471, 2490379.6578543494 1118583.8445616777, 2490379.657911154 1118583.8445235637, 2490379.6673258264 1118583.8367667717, 2490379.676744979 1118583.8290149283, 2490379.676793284 1118583.82896649, 2490379.676846078 1118583.8289229926, 2490379.685455096 1118583.8202807745, 2490379.694069101 1118583.811642998, 2490379.694112425 1118583.8115900587, 2490379.694160702 1118583.8115415955, 2490379.7018813244 1118583.8020969837, 2490379.7096070554 1118583.7926566573, 2490379.709644981 1118583.792599728, 2490379.7096882765 1118583.7925467647, 2490379.7164461045 1118583.7823907027, 2490379.7232092037 1118583.7722387554, 2490379.7232413664 1118583.7721783833, 2490379.7232792624 1118583.7721214308, 2490379.7290091217 1118583.7613518147, 2490379.7347445497 1118583.7505859274, 2490379.73477064 1118583.7505226939, 2490379.7348027714 1118583.7504623008, 2490379.7394493464 1118583.7391831288, 2490379.7441020017 1118583.7279067019, 2490379.744121769 1118583.7278412126, 2490379.744147825 1118583.727777964, 2490379.747666384 1118583.7160979565, 2490379.751191442 1118583.7044194925, 2490379.751204695 1118583.704352381, 2490379.751224426 1118583.7042868831, 2490379.7535812017 1118583.6923182376, 2490379.7559445957 1118583.6803504939, 2490379.755951207 1118583.6802824067, 2490379.755964423 1118583.68021529, 2490379.7571367244 1118583.6680732016, 2490379.758315687 1118583.6559315035, 2490379.758315593 1118583.6558630967, 2490379.7583221667 1118583.6557950072, 2490379.7582986904 1118583.6435963782, 2490379.7582818815 1118583.6313976897, 2490379.758275083 1118583.6313296221, 2490379.758274951 1118583.6312612155, 2490379.757055915 1118583.6191236486, 2490379.7558435043 1118583.6069853264, 2490379.7558300663 1118583.606918252, 2490379.7558232304 1118583.6068501887, 2490379.7534203418 1118583.594890389, 2490379.7510240385 1118583.582929518, 2490379.7510040915 1118583.5828640866, 2490379.7509906166 1118583.582797018, 2490379.7474269313 1118583.5711299987, 2490379.7438698984 1118583.5594619352, 2490379.7438436346 1118583.5593987748, 2490379.7438236503 1118583.5593333493, 2490379.7391337105 1118583.5480721812, 2490379.734449982 1118583.5368085834, 2490379.7344176513 1118583.5367482968, 2490379.7343913526 1118583.53668515, 2490379.728620391 1118583.5259382403, 2490379.7228550087 1118583.5151876272, 2490379.722816925 1118583.5151308004, 2490379.722784563 1118583.5150705348, 2490371.2230845643 1118569.3958705338, 2490371.2162527232 1118569.3856884362, 2490371.209421598 1118569.3755064418, 2490371.2094181147 1118569.3755022138, 2490371.2094150614 1118569.3754976632, 2490371.201616949 1118569.3660328388, 2490371.193821856 1118569.3565708345, 2490371.193817975 1118569.3565669681, 2490371.1938144905 1118569.356562739, 2490371.1851254483 1118569.3479070768, 2490371.176441217 1118569.3392554498, 2490371.1764369765 1118569.3392519832, 2490371.1764330934 1118569.339248115, 2490371.166937082 1118569.3314854759, 2490371.1574470657 1118569.3237270438, 2490371.157442505 1118569.3237240089, 2490371.1574382624 1118569.3237205406, 2490371.1472295183 1118569.316927658, 2490371.1370223267 1118569.3101351636, 2490371.1370174894 1118569.3101325897, 2490371.1370129283 1118569.3101295547, 2490371.1261888603 1118569.3043707248, 2490371.1153637012 1118569.2986107066, 2490371.115358635 1118569.2986086193, 2490371.1153537985 1118569.298606046, 2490371.1040177527 1118569.2939360412, 2490371.092679774 1118569.2892646596, 2490371.0926745273 1118569.289263079, 2490371.092669462 1118569.289260992, 2490371.080927207 1118569.2857236813, 2490371.0691890027 1118569.2821870302, 2490371.0691836295 1118569.2821859717, 2490371.069178381 1118569.2821843908, 2490371.057145476 1118569.2798149618, 2490371.045117617 1118569.2774459794, 2490371.0451121633 1118569.2774454528, 2490371.0451067877 1118569.277444394, 2490371.032902793 1118569.2762661157, 2490371.0206974377 1118569.2750871666, 2490371.020691958 1118569.2750871768, 2490371.020686505 1118569.2750866504, 2490371.0084259673 1118569.275110246, 2490370.996163644 1118569.2751333083, 2490370.996158192 1118569.2751338556, 2490370.996152713 1118569.2751338661, 2490370.983952705 1118569.2763591735, 2490370.9717525095 1118569.2775839602, 2490370.9717471376 1118569.2775850391, 2490370.971741686 1118569.2775855868, 2490370.9597208914 1118569.2800007302, 2490370.9476991277 1118569.2824155209, 2490370.947693887 1118569.2824171213, 2490370.9476885158 1118569.2824182005, 2490370.935962731 1118569.285999836, 2490370.924235145 1118569.2895814602, 2490370.9242300866 1118569.2895835666, 2490370.924224847 1118569.289585167, 2490370.912906024 1118569.294299118, 2490370.9015865326 1118569.299012766, 2490370.9015817055 1118569.2990153576, 2490370.9015766475 1118569.2990174643, 2490370.8907747995 1118569.3048179278, 2490370.879971409 1118569.3106186097, 2490369.1239714082 1118570.367618612, 2490369.113791568 1118570.374448292, 2490369.103610011 1118570.3812782355, 2490369.103604195 1118570.381283026, 2490369.1035979395 1118570.381287223, 2490369.094135969 1118570.3890822884, 2490369.0846734648 1118570.3968768376, 2490369.084668148 1118570.396882174, 2490369.084662332 1118570.396886965, 2490369.0760090416 1118570.405572866, 2490369.0673570335 1118570.4142564342, 2490369.067352265 1118570.4142622661, 2490369.0673469473 1118570.414267604, 2490369.0595852006 1118570.4237616747, 2490369.0518274843 1118570.4332496505, 2490369.051823312 1118570.4332559193, 2490369.0518185413 1118570.433261755, 2490369.0450248076 1118570.4434708091, 2490369.0382343745 1118570.453673571, 2490369.0382308355 1118570.4536802215, 2490369.0382266613 1118570.453686494, 2490369.0324674076 1118570.464510216, 2490369.0267086136 1118570.475331503, 2490369.0267057437 1118570.4753384676, 2490369.0267022043 1118570.4753451194, 2490369.0220310832 1118570.4866824662, 2490369.0173612013 1118570.4980148678, 2490369.017359028 1118570.498022079, 2490369.0173561573 1118570.498029047, 2490369.0138188386 1118570.5097694662, 2490369.0102821575 1118570.5215052126, 2490369.0102807013 1118570.5215126039, 2490369.0102785276 1118570.521519818, 2490369.007909372 1118570.533548558, 2490369.005539658 1118570.5455763128, 2490369.005538933 1118570.5455838118, 2490369.0055374773 1118570.5455912037, 2490369.0043588127 1118570.5577936128, 2490369.003179375 1118570.5699963504, 2490369.0031793886 1118570.5700038846, 2490369.0031786645 1118570.5700113832, 2490369.0032017245 1118570.5822726064, 2490369.00322404 1118570.5945301468, 2490369.003224792 1118570.5945376405, 2490369.003224806 1118570.594545177, 2490369.004449707 1118570.6067465097, 2490369.0056732222 1118570.6189414286, 2490369.0056747054 1118570.6189488138, 2490369.005675458 1118570.6189563111, 2490369.008089814 1118570.6309759102, 2490369.010503335 1118570.6429951014, 2490369.010505535 1118570.6430023077, 2490369.010507019 1118570.6430096931, 2490369.014087786 1118570.6547344737, 2490369.0176678617 1118570.6664595152, 2490369.017670757 1118570.6664664694, 2490369.017672958 1118570.6664736758, 2490369.022386053 1118570.67779184, 2490369.027097804 1118570.6891086954, 2490369.0271013677 1118570.6891153331, 2490369.0271042637 1118570.689122288, 2490369.032904381 1118570.6999246269, 2490369.03790639 1118570.7092418864, 2490360.41 1118575.8049999997, 2490351.422805721 1118581.113990036, 2490348.4891969645 1118576.2397911425, 2490348.489183719 1118576.2397713973, 2490348.48917247 1118576.2397504535, 2490348.4823501334 1118576.2295845815, 2490348.4755294216 1118576.2194169569, 2490348.4755143053 1118576.2193986063, 2490348.4755010568 1118576.2193788646, 2490348.46771481 1118576.209930247, 2490348.4599306723 1118576.2004805321, 2490348.4599138307 1118576.2004637518, 2490348.4598987103 1118576.2004454033, 2490348.451223298 1118576.1918049396, 2490348.442550941 1118576.1831642361, 2490348.4425325375 1118576.183149189, 2490348.44251569 1118576.1831324094, 2490348.4330351823 1118576.1753839266, 2490348.423557604 1118576.1676348343, 2490348.4235378127 1118576.1676216621, 2490348.423519403 1118576.1676066162, 2490348.4133255812 1118576.1608250418, 2490348.4031335777 1118576.1540418835, 2490348.40311259 1118576.1540307146, 2490348.4030927946 1118576.1540175455, 2490348.392283601 1118576.1482679301, 2490348.3814755566 1118576.142516291, 2490348.381453574 1118576.1425072327, 2490348.3814325845 1118576.1424960678, 2490348.3701121868 1118576.1378337513, 2490348.3587921187 1118576.1331690548, 2490348.3587693544 1118576.1331621946, 2490348.3587473715 1118576.133153141, 2490348.3470240748 1118576.1296227402, 2490348.3353017187 1118576.1260901939, 2490348.3352783932 1118576.1260855985, 2490348.335255627 1118576.1260787426, 2490348.323242606 1118576.123714399, 2490348.3112305817 1118576.1213478812, 2490348.311206917 1118576.121345594, 2490348.3111835895 1118576.1213410029, 2490348.2989969817 1118576.1201655564, 2490348.286810526 1118576.1189877882, 2490348.2867867514 1118576.1189878318, 2490348.286763086 1118576.118985549, 2490348.274520101 1118576.119010259, 2490348.26227673 1118576.1190326437, 2490348.262253073 1118576.1190350174, 2490348.2622292987 1118576.1190350654, 2490348.2500475924 1118576.1202596882, 2490348.237865467 1118576.1214820158, 2490348.2378421575 1118576.1214866966, 2490348.237818502 1118576.1214890748, 2490348.2258149576 1118576.1239019234, 2490348.213811832 1118576.1263123157, 2490348.213789095 1118576.1263192582, 2490348.2137657846 1118576.126323944, 2490348.202057003 1118576.129901586, 2490348.1903474736 1118576.1334770247, 2490348.1903255233 1118576.1334861638, 2490348.190302788 1118576.1334931108, 2490348.1790018007 1118576.1382008772, 2490348.167698367 1118576.142907143, 2490348.167677419 1118576.1429183895, 2490348.167655473 1118576.1429275316, 2490348.1568702585 1118576.1487203657, 2490348.146082635 1118576.1545118536, 2490348.1460628896 1118576.154525099, 2490348.146041946 1118576.1545363483, 2490342.1939419485 1118579.738436346, 2490342.183761178 1118579.7452686809, 2490342.173582004 1118579.7520990875, 2490342.1735763955 1118579.7521037087, 2490342.17357036 1118579.752107759, 2490342.1641075583 1118579.7599056945, 2490342.1546476367 1118579.7677003343, 2490342.154642509 1118579.7677054822, 2490342.1546368985 1118579.7677101055, 2490342.1459861016 1118579.7763958927, 2490342.137333633 1118579.7850823493, 2490342.1373290312 1118579.785087979, 2490342.137323905 1118579.7850931261, 2490342.1295685456 1118579.794582047, 2490342.1218067366 1118579.8040777345, 2490342.1218027095 1118579.8040837874, 2490342.1217981116 1118579.8040894128, 2490342.115008945 1118579.8142946467, 2490342.10821648 1118579.8245035536, 2490342.108213066 1118579.8245099704, 2490342.108209041 1118579.824516021, 2490342.1024518465 1118579.8353394624, 2490342.096693744 1118579.846163095, 2490342.096690976 1118579.846169815, 2490342.0966875628 1118579.8461762315, 2490342.0920185847 1118579.8575128033))",Solar thermal installation for multiple buildings,Not documented,0.0,10143.538800000166,0.0,4.3848,0.0,705273,2960592,2229656,730936,2803.276517526375,496.8204543757427,158.80647223120693,0.0,0.0,18.0,16.4,12.0,17.0,65.0,50.0,60.0,15.0,120.48192771084337,1575.8159249258006,1948.3,1026.3026556158713,1776.9738619105037,20.0,3.8,1.0,"['existing', 'existing', 'existing']",Wood (beech),Electricity,Central electrical boiler,I,0.04233128647086045,120.29999999999927,4200.0,0.00116,2.0,6.891111812444938,282.7263314839613,282.7292657314679,1776.9738619105037,11061.44578313253,3150.0,6638,10323,22556
1025530/2749934/295089911,1919-1945/1981-1990,Residential,933.87,True,2490463.2154321545,1118658.9273499995,479.7538991493422,9780,True,False,,"POLYGON ((2490472.061735354 1118647.12437437, 2490472.0586528373 1118647.1243617844, 2490472.055158226 1118647.1246915727, 2490472.051649097 1118647.1247757443, 2490465.7347180066 1118647.5871723075, 2490463.9188 1118647.7199999988, 2490463.9516524877 1118647.9677442722, 2490463.95166725 1118647.9683597116, 2490463.9525635685 1118647.9756606289, 2490463.953172111 1118647.9829911606, 2490464.2261578855 1118650.0404233988, 2490457.2688000016 1118650.5163000003, 2490452.531300001 1118650.8399999999, 2490453.6975000016 1118659.5962999985, 2490453.9723999985 1118659.5742999986, 2490454.4499999993 1118667.7650000006, 2490458.9338000007 1118667.503800001, 2490459.1662999988 1118671.5012999997, 2490464.4499999993 1118671.1928999983, 2490473.5075000003 1118670.664999999, 2490472.784699999 1118658.2804000005, 2490472.9224999994 1118658.272500001, 2490472.6094999984 1118655.2864000015, 2490472.1125586554 1118650.556158316, 2490473.718685192 1118650.3430363585, 2490473.720070602 1118650.3427828106, 2490473.7214727905 1118650.3426504852, 2490473.730821264 1118650.3408306055, 2490474.094999999 1118650.2925000004, 2490472.2063000016 1118647.1138000004, 2490472.061735354 1118647.12437437))",Solar thermal installation for multiple buildings,Not documented,0.0,93925.93911131917,0.0,43.2975553199996,0.0,601052,817519,565416,252103,899.3935530573881,2805.0316659561327,896.6160298835476,13563.449999999999,7.187174781678082,18.000000000000004,15.5,12.0,17.0,65.0,50.0,60.0,15.0,750.0963855421686,350.8041235820067,2105.7,440.92568595602165,458.4678671013664,20.0,19.7,0.5317870795721031/0.24414533072054997/0.22406758970734686,"['existing', 'existing', 'existing', 'existing', 'existing', 'existing', 'existing']",Oil,Oil,Boiler,I/II/II,0.09052239664883698,119.87860837161345,23524.86,0.0019079662051463089,3.0,8.313899149342195,84.4278257968652,84.42894434776512,458.4678671013664,89938.638313253,16550.52,6638,10323,22556
1025533,1961-1970,Residential,240.0,True,2490543.840642606,1118566.0518999994,474.12000000000006,9780,True,False,,"POLYGON ((2490556.0912999995 1118566.2149999999, 2490550.2738000005 1118555.625, 2490544.8147 1118558.624499999, 2490539.662799999 1118561.454599999, 2490531.59 1118565.888799999, 2490534.476300001 1118571.1438000016, 2490537.405000001 1118576.477499999, 2490545.478700001 1118572.0436999984, 2490550.6312999986 1118569.2137999982, 2490556.0912999995 1118566.2149999999))",Solar thermal installation for multiple buildings,Not documented,0.0,25555.89264000003,0.0,11.78064,0.0,601072,522911,355696,167215,546.9257870716126,646.7959397734778,206.74547624645717,2754.0,1.4593248287671234,18.0,15.5,12.0,17.0,65.0,50.0,60.0,15.0,192.77108433734938,225.14402598066664,266.4645120746758,266.4522994522891,280.4734876193235,20.0,4.0,1.0,"['existing', 'existing']",Oil,Oil,Boiler,II,0.09464382968416377,119.39999999999752,5280.0,0.00202,2.9999999999999996,7.53,62.799325965777825,62.79770410357508,280.4734876193235,29264.57831325301,3360.0,6638,10323,22556
1025508/1025509,<1919,Residential,416.0,True,2490785.747130706,1118989.468799999,487.71800790684495,9780,True,False,,"POLYGON ((2490794.2562999986 1118991.0362999998, 2490792.1862999983 1118987.9012999982, 2490793.6613 1118986.9274999984, 2490792.6686000004 1118985.422699999, 2490791.2113999985 1118983.2149999999, 2490786.2787999995 1118975.7437999994, 2490779.9318999983 1118979.9345000014, 2490774.5813000016 1118983.4662999995, 2490779.273600001 1118991.0958000012, 2490775.995000001 1118993.2600000016, 2490780.5150000006 1119000.1075000018, 2490787.1862999983 1118995.7038000003, 2490794.2562999986 1118991.0362999998))",Solar thermal installation for multiple buildings,Not documented,0.0,39691.75932799997,0.0,18.296928,0.0,601151,584898,367383,217515,650.0425499757744,1115.7229961115772,356.6359465258828,4750.650000000001,2.517335329623288,18.0,15.5,12.0,17.0,65.0,50.0,60.0,15.0,334.1365461847389,235.49005571970505,998.6,363.4543570585896,286.5881929171847,20.0,6.9,0.5192307692307693/0.4807692307692308,"['existing', 'existing', 'existing', 'existing']",Oil,Oil,Boiler,II/II,0.0848046196674916,119.39999999999714,9152.0,0.00181,2.4807692307692397,7.508007906844934,66.49979563529168,68.14560692832033,286.5881929171847,50725.269076305216,5824.0,6638,10323,22556
1025502,<1919,Residential,209.0,True,2490738.1219485253,1118004.1656500008,428.49,9780,True,False,,"POLYGON ((2490734.713799998 1117991.3399999999, 2490729.6163000017 1117997.9750000015, 2490723.829999998 1118005.5075000003, 2490740.5100000016 1118018.3200000003, 2490746.2963000014 1118010.7881999984, 2490752.413800001 1118002.8238000013, 2490750.0625 1118001.0174999982, 2490749.0412999988 1118002.3462999985, 2490734.713799998 1117991.3399999999))",Solar thermal installation for multiple buildings,Not documented,0.0,19941.292546999983,0.0,9.192447,0.0,601122,848562,544056,304506,895.3982681648035,565.9464473029317,180.902291716014,2409.75,1.276909225171233,18.0,15.5,12.0,17.0,65.0,50.0,60.0,15.0,167.8714859437751,341.1498214560557,461.5120369756879,461.5014863798356,433.89678178496797,20.0,3.5,1.0,"['existing', 'existing']",Oil,Solar (thermal),Solar thermal installation,II,0.08480461966749167,119.39999999999712,4598.0,0.00181,2.9999999999999996,6.76,77.14775492424415,77.14619418521275,433.89678178496797,25484.570281124496,2926.0,6638,10323,22322
1025519/2042484/2749943,<1919/1961-1970,Residential,333.1,True,2490641.4510270003,1118678.17026453,487.8144324099528,9780,True,False,,"POLYGON ((2490643.1662999988 1118704.8825000003, 2490643.726300001 1118705.4312999994, 2490645.2074999996 1118708.878800001, 2490648.8674999997 1118707.3062999994, 2490652.3874999993 1118705.7950000018, 2490646.266303385 1118691.543503271, 2490646.2669897694 1118691.5432478231, 2490651.06498977 1118689.484247824, 2490651.065022955 1118689.4842316108, 2490651.0650575696 1118689.4842187169, 2490651.0760449725 1118689.47884665, 2490651.087033411 1118689.4734780951, 2490651.0870648487 1118689.4734587064, 2490651.087098031 1118689.4734424828, 2490651.097505545 1118689.467019594, 2490651.107915288 1118689.460599571, 2490651.107944675 1118689.4605771936, 2490651.107976106 1118689.460557796, 2490651.117703963 1118689.453145712, 2490651.1274342965 1118689.4457362785, 2490651.1274613477 1118689.445711129, 2490651.127490727 1118689.4456887436, 2490651.136445433 1118689.4373586657, 2490651.1454024585 1118689.4290313595, 2490651.145426914 1118689.4290036801, 2490651.1454539583 1118689.4289785223, 2490651.1535493596 1118689.4198104953, 2490651.1616467303 1118689.4106456912, 2490651.1616683537 1118689.4106157497, 2490651.1616928033 1118689.4105880607, 2490651.1688508056 1118689.4006704062, 2490651.176010671 1118689.390756338, 2490651.1760292556 1118689.3907244212, 2490651.1760508735 1118689.390694469, 2490651.182201812 1118689.3801238157, 2490651.1883559483 1118689.369554845, 2490651.1883713175 1118689.3695212547, 2490651.188389892 1118689.3694893334, 2490651.1934748124 1118689.358367329, 2490651.1985636693 1118689.3472453943, 2490651.1985756713 1118689.3472104615, 2490651.198591029 1118689.347176871, 2490651.2025612774 1118689.3356101261, 2490651.2065355293 1118689.324042838, 2490651.2065440505 1118689.3240068941, 2490651.2065560403 1118689.323971963, 2490651.2093735975 1118689.3120710645, 2490651.212194754 1118689.3001706295, 2490651.21219971 1118689.3001340309, 2490651.21220822 1118689.3000980853, 2490651.2138457866 1118689.287977812, 2490651.2154868427 1118689.2758586712, 2490651.2154881875 1118689.2758217584, 2490651.215493133 1118689.2757851563, 2490651.2159348 1118689.2635632805, 2490651.21638009 1118689.2513411003, 2490651.21637781 1118689.2513042346, 2490651.216379144 1118689.251267323, 2490651.2156207417 1118689.2390611696, 2490651.2148658945 1118689.226854035, 2490651.2148600123 1118689.2268175683, 2490651.2148577217 1118689.2267807056, 2490651.2129065315 1118689.2147074959, 2490651.2109588375 1118689.2026332985, 2490651.2109494098 1118689.202597587, 2490651.210943517 1118689.2025611233, 2490651.2078182627 1118689.190737005, 2490651.2046965472 1118689.17891215, 2490651.2046836643 1118689.1788775334, 2490651.2046742258 1118689.178841824, 2490651.200405102 1118689.167381099, 2490651.1961393324 1118689.155919037, 2490651.1961231185 1118689.15588585, 2490651.1961102253 1118689.1558512377, 2490647.958210225 1118681.6168512371, 2490647.952831947 1118681.6058511292, 2490647.947456573 1118681.5948517467, 2490647.9474442783 1118681.5948318157, 2490647.947433991 1118681.5948107755, 2490647.941003886 1118681.5843915688, 2490647.934575794 1118681.573971261, 2490647.9345616032 1118681.5739526297, 2490647.934549304 1118681.5739327006, 2490647.927128981 1118681.5641940301, 2490647.919710393 1118681.5544538575, 2490647.9196944456 1118681.5544367076, 2490647.9196802517 1118681.5544180793, 2490647.9113405296 1118681.545453006, 2490647.9030035334 1118681.5364875, 2490647.9029859835 1118681.5364719974, 2490647.9029700304 1118681.5364548482, 2490647.8937918535 1118681.5283504846, 2490647.884616111 1118681.5202452138, 2490647.8845971236 1118681.5202315042, 2490647.8845795686 1118681.5202160033, 2490647.874652154 1118681.5130509564, 2490647.8647252065 1118681.5058834213, 2490647.864704965 1118681.5058716382, 2490647.864685977 1118681.5058579333, 2490647.8541032095 1118681.4996999453, 2490647.84352238 1118681.4935404344, 2490647.8435010863 1118681.4935306942, 2490647.8434808417 1118681.493518914, 2490647.8323451504 1118681.4884277368, 2490647.8212118275 1118681.4833351227, 2490647.821189678 1118681.4833275154, 2490647.821168379 1118681.4833177775, 2490647.80958789 1118681.479342811, 2490647.7980084103 1118681.475365769, 2490647.797985622 1118681.4753603693, 2490647.797963471 1118681.475352766, 2490647.7860493828 1118681.4725320863, 2490647.7741355905 1118681.4697091223, 2490647.774112382 1118681.4697059821, 2490647.7740895934 1118681.469700587, 2490647.7619564836 1118681.4680612858, 2490647.749823277 1118681.4664196596, 2490647.749799873 1118681.4664188095, 2490647.7497766647 1118681.4664156737, 2490647.7375408877 1118681.4659735041, 2490647.72530561 1118681.46552906, 2490647.725282236 1118681.465530508, 2490647.7252588314 1118681.465529662, 2490647.7130388985 1118681.466288921, 2490647.7008187077 1118681.4670459004, 2490647.7007955867 1118681.4670496327, 2490647.7007722137 1118681.4670510849, 2490647.68868613 1118681.4690043558, 2490647.6765983934 1118681.470955573, 2490647.676575749 1118681.4709615535, 2490647.6765526314 1118681.4709652897, 2490647.6647161837 1118681.4740938027, 2490647.6528779217 1118681.4772204254, 2490647.652855973 1118681.4772285966, 2490647.6528333323 1118681.4772345808, 2490647.6413603737 1118681.4815082613, 2490647.629885733 1118681.4857801236, 2490647.0190866566 1118681.7479748135, 2490640.7300000004 1118669.0337999985, 2490640.579 1118669.0997000001, 2490637.8038000017 1118663.6900000013, 2490635.4629000016 1118664.7113999985, 2490631.3412999995 1118656.0962999985, 2490631.1308999993 1118656.1867000014, 2490629.031300001 1118651.3713000007, 2490628.776299998 1118651.4825000018, 2490624.281300001 1118643.1149999984, 2490620.9963000007 1118644.5474999994, 2490624.0249999985 1118653.5549999997, 2490626.1196999997 1118658.356800001, 2490625.7113000005 1118658.5350000001, 2490629.548799999 1118667.3337999992, 2490629.9591999985 1118667.1583000012, 2490633.3249999993 1118674.875, 2490635.7531999983 1118673.8159999996, 2490640.3242999986 1118684.2945000008, 2490639.1937999986 1118684.7800000012, 2490635.2588 1118686.4699999988, 2490643.1662999988 1118704.8825000003), (2490630.9011059916 1118656.2854251242, 2490630.9011059916 1118656.285425124, 2490631.1308999993 1118656.1867000014, 2490630.9011059916 1118656.2854251242))",Electrical heater for single building,Not documented,0.0,33532.198801599545,0.0,15.457521599999785,0.0,601108,1094979,741965,353014,1176.9208791058704,889.3444172025418,284.2750298433568,3786.75,2.0065716395547946,18.0,15.5,12.0,17.0,65.0,50.0,60.0,15.0,267.5502008032128,445.0933157196587,1794.4230819441032,598.1396024042718,578.7812767015985,20.0,5.5,0.21314920444311017/0.4746322425697988/0.31221855298709095,"['existing', 'existing', 'existing', 'existing', 'existing', 'existing']",Electricity,Gas/Electricity/Other,Boiler/Central electrical boiler/Not documented,II/II/II,0.08947462598280766,119.39999999999465,7328.2,0.001909672770939631,1.4746322425696714,6.317359776984464,188.77433938915374,188.77411383441577,578.7812767015985,40616.795983935735,4663.4,6638,10323,22556
1025544,1946-1960,Residential,192.0,True,2490971.53184036,1119270.7525000013,493.88,9557,True,False,,"POLYGON ((2490967.1525 1119274.6149999984, 2490970.7562999986 1119278.7575000003, 2490979.566300001 1119271.0925000012, 2490975.9629000016 1119266.9510000013, 2490972.307500001 1119262.7487999983, 2490963.4974999987 1119270.4125000015, 2490967.1525 1119274.6149999984))",Solar thermal installation for multiple buildings,Not documented,0.0,20444.714112000027,0.0,9.424511999999998,0.0,545126,384784,188772,196012,446.7370981532064,517.4367518205366,165.3963809977265,2203.2000000000003,1.167459863013699,18.0,15.5,12.0,17.0,65.0,50.0,60.0,15.0,154.2168674698795,87.65866700127664,368.0,292.5551327327467,154.18196542045968,20.0,3.2,1.0,"['existing', 'existing']",Wood,Wood,Boiler,II,0.09464382968416105,119.39999999999688,4224.0,0.00202,2.9999999999999996,9.82,37.47085673527363,37.47115837417365,154.18196542045968,23411.662650602404,2688.0,6638,10323,22563
1025541,<1919,Residential,100.0,True,2491001.8893092955,1119327.9456500001,488.9917524223571,9557,True,False,,"POLYGON ((2491002.4624999985 1119322.1413000003, 2491000.3663000017 1119321.085000001, 2490995.468800001 1119330.8049999997, 2490995.885499999 1119331.0150000006, 2490994.0163000003 1119334.7250000015, 2490997.333799999 1119336.6063, 2491002.7424999997 1119339.6724999994, 2491005.7738000005 1119333.6563000008, 2491004.3521 1119332.9404999986, 2491008.3099999987 1119325.0863000005, 2491006.213799998 1119324.0300000012, 2491002.4624999985 1119322.1413000003))",Solar thermal installation for multiple buildings,Not documented,0.0,9541.288299999993,0.0,4.3983,0.0,545639,312286,180993,131293,393.46896667524913,274.8882744089473,87.86682740641263,1170.4499999999998,0.6202130522260273,18.0,15.5,12.0,17.0,65.0,50.0,60.0,15.0,80.32128514056224,107.79504475465943,231.55868632227848,231.5261044783573,161.9428621968918,20.0,1.7,1.0,"['existing', 'existing']",Oil,Oil,Boiler,II,0.08480461966747949,119.39999999999402,2200.0,0.00181,2.0,9.10175242235716,45.54993881577366,45.54635908272784,161.9428621968918,12193.574297188752,1400.0,6638,10323,22563
1025500,1971-1980,Residential,320.0,True,2490195.389985528,1118942.388149999,481.2300000000001,9781,True,False,,"POLYGON ((2490191.987610263 1118926.934372499, 2490191.975609415 1118926.9319098634, 2490191.963609778 1118926.9294458278, 2490191.963593372 1118926.9294441096, 2490191.9635772137 1118926.9294407938, 2490191.951393241 1118926.9281663543, 2490191.9392093993 1118926.926890305, 2490191.939192904 1118926.926890203, 2490191.9391764984 1118926.926888487, 2490191.92692611 1118926.9268144213, 2490191.91467603 1118926.926738743, 2490191.914659605 1118926.9267402582, 2490191.91464311 1118926.9267401586, 2490191.902443788 1118926.9278672587, 2490191.8902459405 1118926.9289926013, 2490191.8902297444 1118926.928995719, 2490191.8902133172 1118926.9289972368, 2490191.8781838478 1118926.9313145303, 2490191.866154405 1118926.9336301743, 2490191.866138589 1118926.9336348653, 2490191.8661223934 1118926.9336379853, 2490191.854378732 1118926.9371229925, 2490191.8426334383 1118926.9406067997, 2490191.84261816 1118926.9406130179, 2490191.8426023466 1118926.9406177106, 2490191.8312558774 1118926.945237402, 2490191.8199095605 1118926.9498552885, 2490191.819894966 1118926.9498629738, 2490191.819879688 1118926.9498691943, 2490191.8090408985 1118926.955578666, 2490191.798201615 1118926.9612865727, 2490191.798187843 1118926.9612956524, 2490191.7981732492 1118926.9613033398, 2490191.7879465185 1118926.968047547, 2490191.777718661 1118926.9747905629, 2490191.777705846 1118926.974800948, 2490191.777692075 1118926.9748100296, 2490191.768175415 1118926.9825243359, 2490191.75865796 1118926.9902372085, 2490191.7586462246 1118926.9902488003, 2490191.7586334106 1118926.9902591873, 2490191.7499185936 1118926.9988692582, 2490191.741203078 1118927.0074777496, 2490191.7411925355 1118927.007490435, 2490191.741180801 1118927.0075020287, 2490187.7650807993 1118931.3415020292, 2490187.765039493 1118931.3415517453, 2490187.7649935344 1118931.3415971983, 2490187.7572003654 1118931.3509868456, 2490187.749402323 1118931.3603724965, 2490187.749366087 1118931.3604260238, 2490187.7493248065 1118931.360475761, 2490187.742489613 1118931.370583906, 2490187.7356489715 1118931.380688857, 2490187.735618157 1118931.380745678, 2490187.7355819503 1118931.3807992218, 2490187.7297703396 1118931.3915288483, 2490187.723953198 1118931.4022554527, 2490187.7239281023 1118931.4023150182, 2490187.723897317 1118931.4023718555, 2490187.719165224 1118931.4136198186, 2490187.7144276393 1118931.4248645855, 2490187.7144085034 1118931.4249263224, 2490187.7143834364 1118931.4249859052, 2490187.7107765996 1118931.4366436093, 2490187.707164031 1118931.4482985174, 2490187.707151038 1118931.4483618338, 2490187.7071319325 1118931.4484235854, 2490187.704685094 1118931.4603788047, 2490187.702232326 1118931.4723315665, 2490187.7022256018 1118931.472395849, 2490187.7022126405 1118931.4724591784, 2490187.7009494407 1118931.4845962801, 2490187.6996800187 1118931.4967322815, 2490187.699679628 1118931.4967969202, 2490187.699672937 1118931.4968612085, 2490187.699605467 1118931.5090630997, 2490187.69953169 1118931.5212656702, 2490187.699537637 1118931.5213300355, 2490187.6995372795 1118931.5213946705, 2490187.7006661533 1118931.5335446822, 2490187.7017887686 1118931.5456954627, 2490187.701800995 1118931.5457589328, 2490187.701806975 1118931.545823294, 2490187.704121362 1118931.5578043573, 2490187.706429517 1118931.5697863868, 2490187.706447906 1118931.569848353, 2490187.7064601653 1118931.569911818, 2490187.70993764 1118931.581607944, 2490187.713409242 1118931.5933064336, 2490187.7134336177 1118931.593366303, 2490187.713452038 1118931.5934282567, 2490187.718059181 1118931.6047271925, 2490187.7226607264 1118931.6160290923, 2490187.722690851 1118931.6160862804, 2490187.7227152563 1118931.616146134, 2490187.728407948 1118931.6269395454, 2490187.7340948717 1118931.637735531, 2490187.7341304556 1118931.6377894897, 2490187.734160611 1118931.6378466643, 2490187.7408836717 1118931.6480298813, 2490187.7476015612 1118931.658216705, 2490187.7476422656 1118931.65826692, 2490187.7476778775 1118931.6583208598, 2490187.755366715 1118931.6677960923, 2490187.763050719 1118931.6772753696, 2490187.7630961463 1118931.6773213495, 2490187.7631368763 1118931.6773715424, 2490187.7717176443 1118931.6860477326, 2490187.7802935606 1118931.6947279794, 2490187.7803432764 1118931.6947692859, 2490187.7803887296 1118931.6948152443, 2490189.0493034325 1118932.8577370674, 2490190.91533932 1118934.5710849043, 2490189.7313 1118935.861299999, 2490192.454500001 1118938.3599999994, 2490185.0612999983 1118946.4162999988, 2490186.9375 1118948.138799999, 2490190.3838 1118951.3024999984, 2490192.2613000013 1118953.0238000005, 2490206.1937999986 1118937.8425000012, 2490196.2699999996 1118928.7349999994, 2490195.2293549012 1118929.869115699, 2490192.09443103 1118926.9923115447, 2490192.094418345 1118926.9923010024, 2490192.094406751 1118926.9922892675, 2490192.0849836566 1118926.984460115, 2490192.0755626294 1118926.976630581, 2490192.0755489715 1118926.9766213328, 2490192.0755362837 1118926.976610791, 2490192.0653923275 1118926.9697437445, 2490192.055248082 1118926.9628745522, 2490192.0552335805 1118926.9628666854, 2490192.055219923 1118926.9628574399, 2490192.0444519906 1118926.9570178858, 2490192.033683028 1118926.9511759363, 2490192.0336678275 1118926.9511695297, 2490192.0336533277 1118926.9511616663, 2490192.022364126 1118926.9464053602, 2490192.0110751507 1118926.9416473974, 2490192.0110593955 1118926.9416425116, 2490192.0110441945 1118926.9416361072, 2490191.999342505 1118926.938009038, 2490191.9876421764 1118926.9343807006, 2490191.98762602 1118926.934377383, 2490191.987610263 1118926.934372499))",Heat pump for single building,Not documented,0.0,35255.32383999992,0.0,16.251839999999998,0.0,600981,616438,380347,236091,638.3876755501058,857.0046201969524,273.937756025627,3649.0499999999997,1.9336053981164383,18.0,15.5,12.0,17.0,65.0,50.0,60.0,15.0,257.02811244979915,203.87101418144482,326.17079310283606,326.10292342964567,312.28475212046004,20.0,5.3,1.0,"['existing', 'existing']",Geothermal,Geothermal,Heat pump,II,0.09792356635639225,119.39999999999813,7040.0,0.00209,2.0,7.69,70.65905612825453,70.65023042302822,312.28475212046004,39019.43775100401,4480.0,6638,10323,22556
1025542,1961-1970,Residential,159.96,True,2490944.476961619,1118716.8325999994,471.9423777754606,9780,True,False,,"POLYGON ((2490936.6497353283 1118727.1030512308, 2490936.6410912517 1118727.1260118298, 2490936.634739331 1118727.1497091348, 2490936.6307407385 1118727.173914928, 2490936.629133983 1118727.1983960944, 2490936.629934538 1118727.2229168667, 2490936.633134695 1118727.2472410968, 2490936.638703633 1118727.2711345288, 2490936.646587721 1118727.2943670559, 2490936.656711031 1118727.3167149364, 2490936.66897607 1118727.3379629478, 2490936.683264719 1118727.35790646, 2490936.6994393696 1118727.3763534066, 2490941.2453390798 1118732.0743531033, 2490941.2453521714 1118732.0743653672, 2490941.245364001 1118732.0743788548, 2490941.254304808 1118732.0827519419, 2490941.263243934 1118732.0911258596, 2490941.2632581657 1118732.0911367817, 2490941.2632712596 1118732.0911490445, 2490941.272988663 1118732.0986046488, 2490941.2827065894 1118732.1060628681, 2490941.2827218254 1118732.1060723444, 2490941.282736056 1118732.1060832627, 2490941.2931370493 1118732.1125502489, 2490941.3035396095 1118732.119020277, 2490941.3035556995 1118732.1190282134, 2490941.303570933 1118732.1190376852, 2490941.3145569055 1118732.1244546408, 2490941.325542361 1118732.129873299, 2490941.3255591495 1118732.1298796195, 2490941.32557524 1118732.1298875534, 2490941.3370395824 1118732.1342017301, 2490941.3485029456 1118732.1385174142, 2490941.348520274 1118732.138522059, 2490941.348537063 1118732.138528377, 2490941.360368957 1118732.141698049, 2490941.37220024 1118732.1448693748, 2490941.372217939 1118732.1448722985, 2490941.372235268 1118732.1448769409, 2490941.384321015 1118732.1468716455, 2490941.3964060266 1118732.148868008, 2490941.3964239275 1118732.148869183, 2490941.3964416273 1118732.1488721042, 2490941.408664227 1118732.1496725627, 2490941.42088719 1118732.1504748047, 2490941.42090512 1118732.1504742194, 2490941.420923021 1118732.1504753917, 2490941.4331654776 1118732.1500739632, 2490941.445407964 1118732.1496742903, 2490941.4454257498 1118732.1496719504, 2490941.4454436796 1118732.1496713625, 2490941.4575871145 1118732.1480719917, 2490941.4697321993 1118732.146474175, 2490941.469749673 1118732.1464701025, 2490941.469767456 1118732.1464677602, 2490941.481695619 1118732.1436858336, 2490941.4936256404 1118732.1409052766, 2490941.493642628 1118732.1408995118, 2490941.493660099 1118732.1408954372, 2490941.5052586487 1118732.136957572, 2490941.516858181 1118732.1330212275, 2490941.516874523 1118732.133013825, 2490941.516891509 1118732.133008058, 2490941.5280482126 1118732.1279523058, 2490941.5392060783 1118732.122897955, 2490941.5392216146 1118732.1228889867, 2490941.539237955 1118732.122881582, 2490941.5498458017 1118732.1167563866, 2490941.56045411 1118732.1106329518, 2490941.560468693 1118732.110622504, 2490941.5604842287 1118732.1106135333, 2490941.5704402737 1118732.1034783307, 2490941.580397647 1118732.0963443366, 2490941.580411136 1118732.096332509, 2490941.580425717 1118732.0963220594, 2490941.5896338215 1118732.0882459017, 2490941.5988446204 1118732.0801697166, 2490941.5988568864 1118732.0801566227, 2490941.5988703715 1118732.0801447954, 2490945.2439637296 1118728.552051224, 2490945.243970369 1118728.5520447977, 2490945.252349513 1118728.5430975226, 2490945.260734581 1118728.5341445855, 2490945.2607373972 1118728.5341409151, 2490945.2607405586 1118728.5341375393, 2490945.2682031905 1118728.524410977, 2490945.275669519 1118728.5146803414, 2490945.275671962 1118728.514676412, 2490945.275674777 1118728.5146727432, 2490945.2821474154 1118728.504262659, 2490945.2886247113 1118728.493845943, 2490945.288626758 1118728.4938417927, 2490945.2886291994 1118728.493837866, 2490945.2940507797 1118728.4828425148, 2490945.299475393 1118728.471842037, 2490945.299477022 1118728.4718377076, 2490945.299479068 1118728.471833559, 2490945.303799067 1118728.4603537438, 2490945.308117065 1118728.448880533, 2490945.3081182614 1118728.4488760675, 2490945.3081198917 1118728.4488717357, 2490945.311293272 1118728.4370259978, 2490945.314466505 1118728.425182563, 2490945.3144672588 1118728.4251779972, 2490945.314468455 1118728.425173531, 2490945.3164647515 1118728.4130781381, 2490945.3184625627 1118728.4009763512, 2490945.3184628654 1118728.4009717351, 2490945.3184636184 1118728.4009671716, 2490945.319264922 1118728.3887316734, 2490945.320066755 1118728.376495017, 2490945.320066604 1118728.376490394, 2490945.320066906 1118728.376485778, 2490945.319664977 1118728.3642280505, 2490945.3192636324 1118728.3519743285, 2490945.319263029 1118728.3519697438, 2490945.319262877 1118728.3519651191, 2490945.317661462 1118728.3398061623, 2490945.316060929 1118728.3276504336, 2490945.3160598786 1118728.3276459286, 2490945.3160592746 1118728.3276413428, 2490945.313275201 1118728.315703973, 2490945.310489489 1118728.303757585, 2490945.3104880014 1118728.3037532016, 2490945.3104869514 1118728.3037487, 2490945.3065472404 1118728.292144714, 2490945.3026029686 1118728.2805258834, 2490945.3026010585 1118728.2805216678, 2490945.302599572 1118728.2805172899, 2490945.297539486 1118728.2693510223, 2490945.2924773186 1118728.258179063, 2490945.2924750056 1118728.2581750571, 2490945.2924730964 1118728.2581708438, 2490945.286339796 1118728.2475489613, 2490945.280210055 1118728.236932336, 2490945.280207362 1118728.2369285778, 2490945.2802050477 1118728.23692457, 2490945.2730594343 1118728.2269539982, 2490945.2659193184 1118728.2169903198, 2490945.2659162693 1118728.216986843, 2490945.265913574 1118728.2169830822, 2490945.2578260936 1118728.2077620674, 2490945.249742736 1118728.1985450669, 2490945.24973631 1118728.1985384272, 2490945.2497302364 1118728.1985321515, 2490949.2837999985 1118724.2938, 2490953.4662999995 1118720.2463000007, 2490947.8999000005 1118714.4948999994, 2490949.745000001 1118712.7087999992, 2490942.2250000015 1118704.9387999997, 2490937.4338000007 1118709.576299999, 2490934.5088 1118712.4074999988, 2490941.0540000014 1118719.1702999994, 2490938.5287999995 1118721.6138000004, 2490940.350236557 1118723.495862848, 2490936.7052553897 1118727.0228478564, 2490936.688482663 1118727.040752739, 2490936.6735456875 1118727.0602154194, 2490936.660588314 1118727.0810484611, 2490936.6497353283 1118727.1030512308))",Solar thermal installation for multiple buildings,Not documented,0.0,17033.00244456002,0.0,7.8517965599999995,0.0,601150,498328,346128,152200,487.1538624000094,436.5872593500604,139.55319646730567,1858.95,0.9850442594178083,18.0,15.5,12.0,17.0,65.0,50.0,60.0,15.0,128.48192771084337,215.6808593099115,433.1,214.7899250256556,272.3639373743538,20.0,2.7,1.0,"['existing', 'existing']",Oil,Oil,Boiler,II,0.09464382968415834,119.39999999999627,3519.1200000000003,0.00202,1.0,5.073861598283563,85.35641156141186,85.35660176162281,272.3639373743538,19504.84144578313,2239.44,6638,10323,22556
1025520/1025545/1025523/1025521/1025522/295093053,1919-1945/1946-1960/<1919,Residential/Other,1212.64,True,2490605.4411735726,1118660.1044000015,486.024291780138,9780,True,False,,"POLYGON ((2490588.9175000004 1118658.7175000012, 2490588.584399998 1118665.9725000001, 2490588.2424999997 1118673.4112999998, 2490597.1900000013 1118672.539999999, 2490597.1262999997 1118671.8000000007, 2490599.4279000014 1118671.4395999983, 2490601.271299999 1118679.210000001, 2490607.2974999994 1118677.2688000016, 2490607.326299999 1118677.2619000003, 2490612.125 1118676.1865000017, 2490615.517499998 1118675.4261000007, 2490617.288800001 1118675.0282000005, 2490622.835000001 1118673.7850000001, 2490622.6495643295 1118672.9575705887, 2490624.371165818 1118672.5983376773, 2490624.3711821525 1118672.5983334228, 2490624.371198827 1118672.5983307874, 2490624.383053166 1118672.5952415124, 2490624.3949075625 1118672.5921539299, 2490624.3949234025 1118672.5921480944, 2490624.394939737 1118672.5921438376, 2490624.4064337257 1118672.587907682, 2490624.417928871 1118672.583672861, 2490624.4179440625 1118672.583665501, 2490624.417959901 1118672.5836596638, 2490624.4289840646 1118672.5783169412, 2490624.440008035 1118672.572976148, 2490624.4400224304 1118672.5729673356, 2490624.4400376226 1118672.5729599728, 2490624.450485058 1118672.5665623983, 2490624.460932421 1118672.560166806, 2490624.460945885 1118672.5601566236, 2490624.4609602806 1118672.5601478084, 2490624.4707298395 1118672.5527573884, 2490624.480500515 1118672.545368196, 2490624.480512916 1118672.5453567433, 2490624.4805263784 1118672.5453465593, 2490624.4895246304 1118672.5370340277, 2490624.4985238663 1118672.5287228366, 2490624.498535085 1118672.5287102235, 2490624.498547484 1118672.5286987692, 2490624.50668736 1118672.5195445926, 2490624.5148288994 1118672.510391032, 2490624.5148388282 1118672.5103773794, 2490624.5148500446 1118672.5103647653, 2490624.522053897 1118672.5004562181, 2490624.529258588 1118672.4905493273, 2490624.529267129 1118672.4905347696, 2490624.529277057 1118672.4905211146, 2490624.5354753025 1118672.4799536862, 2490624.5416739667 1118672.469388809, 2490624.5416810405 1118672.469373483, 2490624.5416895812 1118672.469358922, 2490624.5468221176 1118672.4582350045, 2490624.5519554685 1118672.4471132646, 2490624.5519610057 1118672.44709732, 2490624.5519680786 1118672.4470819908, 2490624.5559858223 1118672.4355078214, 2490624.560004077 1118672.4239372194, 2490624.5600080243 1118672.4239208098, 2490624.560013561 1118672.4239048602, 2490624.562877395 1118672.4119930156, 2490624.56574228 1118672.4000838716, 2490624.5657446003 1118672.400067152, 2490624.5657485463 1118672.4000507388, 2490624.567430864 1118672.3879167098, 2490624.569114814 1118672.3757829422, 2490624.5691154846 1118672.3757660748, 2490624.5691178027 1118672.3757493545, 2490624.5696027237 1118672.3635076869, 2490624.5700892014 1118672.351268462, 2490624.5700882156 1118672.3512516138, 2490624.570088884 1118672.3512347431, 2490624.5693715806 1118672.3390045643, 2490624.5686560576 1118672.3267765192, 2490624.5686534243 1118672.326759845, 2490624.568652436 1118672.326742994, 2490624.5667399596 1118672.3146428973, 2490624.5648291847 1118672.3025429843, 2490624.5648249304 1118672.3025266498, 2490624.5648222947 1118672.3025099754, 2490623.349499004 1118666.4820746486, 2490624.1849999987 1118666.2049999982, 2490623.379900001 1118663.7754000016, 2490622.6224999987 1118661.4913000017, 2490622.474399999 1118661.5403999984, 2490620.5100000016 1118655.2137999982, 2490620.4838000014 1118655.2210000008, 2490618.861299999 1118648.5238000005, 2490618.3867999986 1118648.6127999984, 2490616.6275000013 1118642.1325000003, 2490609.213799998 1118645.2338000014, 2490610.8060000017 1118650.0344000012, 2490610.6163000017 1118650.0700000003, 2490606.157400001 1118650.9063000008, 2490606.156300001 1118650.9024999999, 2490595.8638000004 1118652.8449999988, 2490597.0403000005 1118657.702399999, 2490596.4888000004 1118657.7888000011, 2490596.4974999987 1118657.979699999, 2490588.9175000004 1118658.7175000012), (2490589.0866345502 1118665.9235370378, 2490589.0866345502 1118665.923537038, 2490588.584399998 1118665.9725000001, 2490589.0866345502 1118665.9235370378), (2490622.000763689 1118661.6973372311, 2490622.000763689 1118661.697337231, 2490622.474399999 1118661.5403999984, 2490622.000763689 1118661.6973372311))",Solar thermal installation for multiple buildings/Wood stove/Not documented,Not documented,0.0,123136.25716972107,0.0,56.182480862834666,0.0,601107,1522899,1101519,421380,1646.3107257862193,2019.0117095415205,645.368209303425,10601.055884681451,5.617423407285208,18.000000000000004,15.6628941812904,12.0,17.0,65.0,50.0,60.0,15.0,974.0080321285141,717.8827693755708,4572.098256197827,761.9704230233012,884.3403027629181,19.638012930465777,18.8,0.16492941021242907/0.1979152922549149/0.057725293574350175/0.08246470510621454/0.31597176408497163/0.18099353476711968,"['existing', 'existing', 'existing', 'existing', 'existing', 'existing', 'existing', 'existing', 'existing', 'existing', 'existing', 'existing', 'existing', 'existing', 'existing']",Oil/Other,Oil/Gas/Electricity/Other,Boiler/Central electrical boiler/Not documented,II/II/II/II/II/X,0.07936637580796155,117.79096747592197,23166.4,0.0018939180630690245,2.36284470246733,7.884291780138018,128.4827693658676,128.47694094006204,884.3403027629181,132480.46239357427,14123.720000000001,6638,10323,22556
1025543,<1919,Residential,254.0,True,2490890.643776772,1119185.76815,492.94554924921397,9782,True,False,,"POLYGON ((2490898.432500001 1119196.7950000018, 2490901.726300001 1119195.9074999988, 2490905.111299999 1119194.996199999, 2490920.9070999995 1119190.7413999997, 2490922.125 1119191.4624999985, 2490924.3649999984 1119190.8874999993, 2490925.5425000004 1119188.8988000005, 2490924.968800001 1119186.6587999985, 2490922.9787999988 1119185.4813, 2490920.7388000004 1119186.0549999997, 2490920.144699998 1119187.0590999983, 2490904.1347999983 1119191.3709000014, 2490903.1411999986 1119187.681400001, 2490902.1625999995 1119184.048799999, 2490901.3599999994 1119181.0700000003, 2490899.5700000003 1119174.4250000007, 2490882.6000000015 1119178.995000001, 2490883.170600001 1119181.1138000004, 2490877.798799999 1119182.5599999987, 2490879.0150000006 1119187.0813000016, 2490880.2787999995 1119191.7699999996, 2490885.650699999 1119190.3231999986, 2490886.170000002 1119192.2512999997, 2490896.4626 1119189.479699999, 2490898.432500001 1119196.7950000018))",Solar thermal installation for multiple buildings,Not documented,0.0,24234.872281999986,0.0,11.171682,0.0,601153,899936,543851,356085,1114.3981199139337,679.135736761644,217.08275005861776,2891.7000000000003,1.5322910702054797,18.0,15.5,12.0,17.0,65.0,50.0,60.0,15.0,204.0160642570281,347.1316938440775,930.6000000000001,622.3447873596523,492.0533325542813,20.0,4.2,1.0,"['existing', 'existing']",Oil,Oil,Boiler,II,0.08480461966749361,119.39999999999766,5588.0,0.00181,2.9999999999999996,7.295549249214045,127.55842224098657,127.56148330933061,492.0533325542813,30971.678714859438,3556.0,6638,10323,22563
1025535,<1919,Residential,545.0,True,2490572.661356276,1118644.258849999,481.3299999999999,9780,True,False,,"POLYGON ((2490581.0100000016 1118652.695700001, 2490582.4824 1118649.3005999997, 2490582.484099999 1118649.297699999, 2490588.583799999 1118639.2199999988, 2490585.125 1118637.6499999985, 2490581.9871000014 1118636.2243000008, 2490582.3599999994 1118635.6275000013, 2490561.465 1118622.5687999986, 2490559.963799998 1118624.8088000007, 2490550.9206999987 1118638.303199999, 2490550.8663000017 1118638.3838, 2490569.2938 1118650.5174999982, 2490571.9981000014 1118652.2096000016, 2490571.851300001 1118652.4437999986, 2490579.352499999 1118656.5150000006, 2490581.0100000016 1118652.695700001))",Solar thermal installation for multiple buildings,Not documented,0.0,52000.021234999964,0.0,23.970734999999998,0.0,601073,1249608,899306,350302,1301.6692657136218,1778.0942577540925,568.3600058763616,9363.6,4.961704417808219,18.0,15.499999999999998,12.0,17.0,65.0,50.0,60.0,15.0,437.7510040160642,526.9054789619914,867.2,581.5744695824843,720.0947961311375,20.0,13.6,1.0,"['existing', 'existing', 'existing']",Gas,Gas,Boiler,I,0.08713288800984856,120.29999999999978,15260.0,0.00181,3.0,8.92,97.2177412792597,97.21988048900076,720.0947961311375,40189.919678714854,11445.0,6638,10323,22556
1025549,<1919,Other,1184.8200000000002,True,2490735.8231499996,1118805.294400001,492.74999999999994,9780,True,False,,"POLYGON ((2490726.75 1118823.2925000004, 2490755.9712999985 1118805.8513000011, 2490744.896299999 1118787.2963000014, 2490715.6750000007 1118804.7375000007, 2490726.75 1118823.2925000004))",Wood stove,Not documented,0.0,91863.76989972052,0.0,39.71042712,0.0,600887,1183721,887894,295827,1818.8210632736027,61.09815550786218,19.529756576203912,0.0,0.0,18.0,16.4,12.0,17.0,65.0,50.0,60.0,15.0,951.6626506024097,628.0631355044218,948.1687133016499,948.1566947231561,870.6643685504466,18.0,11.8,1.0,"['existing', 'existing', 'existing', 'existing', 'existing']",Oil,Gas,Boiler,X,0.02302047718637109,110.51000000000634,7108.920000000001,0.00133,2.0,12.1,103.27775072257067,103.27675745162077,870.6643685504466,61426.01744578313,1184.8200000000002,6638,10323,22556
1025510/295104819,<1919,Residential/Administrative,831.08,True,2490774.2592744334,1119054.86235,490.04839424643274,9780,True,False,,"POLYGON ((2490760.420000002 1119045.914999999, 2490762.9629999995 1119048.5379999988, 2490764.829730791 1119050.4627220337, 2490763.6149999984 1119051.5912999995, 2490783.1312999986 1119074.4538000003, 2490789.754999999 1119067.8500000015, 2490790.931400001 1119066.5876000002, 2490791.711199999 1119065.7512000017, 2490805.2437999994 1119051.2300000004, 2490803.7974999994 1119049.977499999, 2490799.2063000016 1119045.9974999987, 2490797.6000000015 1119044.6063, 2490784.995099999 1119058.1334000006, 2490772.1975000016 1119043.6174999997, 2490770.2192663993 1119045.455430567, 2490768.243999999 1119043.4180000015, 2490765.7010000013 1119040.7950000018, 2490763.0610000007 1119043.3550000004, 2490760.420000002 1119045.914999999))",Solar thermal installation for multiple buildings/Not documented,No heat generator/Not documented,0.0,76567.13040259981,0.0,36.71921430968861,0.0,601152,1161352,749681,411671,1510.9603361678699,1247.9041731141588,398.8870781575792,10314.0792703466,5.465356559582094,18.0,14.982114838523335,12.0,17.0,65.0,50.0,60.0,15.0,667.5341365461848,513.606357240326,1949.6568412030065,864.5588151686408,646.4015209992291,20.0,24.900000000000002,0.6016267988641286/0.39837320113587144,"['existing', 'existing', 'existing', 'existing', 'existing', 'existing', 'existing', 'existing', 'existing', 'existing', 'existing', 'existing']",Oil/Other,Solar (thermal)/Other,Solar thermal installation/Not documented,II/III,0.09932323829727933,117.30455696202642,18283.760000000002,0.0018578047841363075,2.601626798864104,7.698266104220674,130.15142178428798,115.82746831996103,646.4015209992291,76349.1302811245,9317.560000000001,6638,10323,22556
1025505,<1919,Residential,125.0,True,2490710.7870822074,1118908.9212500006,490.87,9780,True,False,,"POLYGON ((2490706.9362999983 1118897.6695000008, 2490701.476300001 1118901.5612999983, 2490696.833799999 1118905.1000000015, 2490709.8049999997 1118923.6338, 2490714.7463000007 1118920.1119000018, 2490720.1444999985 1118916.2650000006, 2490725.085000001 1118912.7424999997, 2490717.3938000016 1118903.0075000003, 2490711.1849999987 1118894.3399999999, 2490706.9362999983 1118897.6695000008))",Solar thermal installation for multiple buildings,Not documented,0.0,11926.610374999993,0.0,5.4978750000000005,0.0,600911,859057,561172,297885,1098.6496868243178,339.56786838531264,108.54137503074429,1445.8500000000001,0.7661455351027399,18.0,15.5,12.0,17.0,65.0,50.0,60.0,15.0,100.40160642570281,375.43498901283004,611.4104571106959,611.3868646220385,487.2628222022792,20.0,2.1,1.0,"['existing', 'existing']",Oil,Oil,Boiler,II,0.08480461966748415,119.39999999999522,2750.0,0.00181,2.0,10.48,78.36231987044278,78.360068678777,487.2628222022792,15241.967871485942,1750.0,6638,10323,22556
1025525/1025524,<1919,Residential,1177.8600000000001,True,2490551.7157010054,1118702.79005,482.56750155570523,9780,True,False,,"POLYGON ((2490535.9765177737 1118687.747059237, 2490535.9734540684 1118687.7457058677, 2490535.9704947104 1118687.744137393, 2490535.962238558 1118687.7407514981, 2490535.9540760247 1118687.7371457587, 2490535.9508944177 1118687.7360992015, 2490535.9477955727 1118687.7348283476, 2490535.9392473013 1118687.7322680014, 2490535.9307706477 1118687.7294796926, 2490535.9275017795 1118687.7287500268, 2490535.9242932918 1118687.7277890325, 2490535.915535225 1118687.7260788921, 2490535.9068260863 1118687.724134867, 2490535.9035014403 1118687.7237291199, 2490535.9002142074 1118687.7230872398, 2490535.891330691 1118687.7222437751, 2490535.8824729403 1118687.7211627557, 2490535.87912453 1118687.7210848348, 2490535.8757902137 1118687.7207682508, 2490535.866866806 1118687.7207995844, 2490535.8579457435 1118687.7205919817, 2490535.854605819 1118687.7208426374, 2490535.851256528 1118687.720854398, 2490535.842379153 1118687.7217602283, 2490535.8334807064 1118687.722428042, 2490535.8301814375 1118687.7230048599, 2490535.8268494224 1118687.7233448522, 2490535.818103576 1118687.7251164566, 2490535.80931344 1118687.726653254, 2490535.8060865956 1118687.7275506794, 2490535.802803951 1118687.728215629, 2490535.7942738705 1118687.7308359442, 2490535.7856766894 1118687.7332269265, 2490535.782553344 1118687.7344363176, 2490535.7793516847 1118687.73541982, 2490535.7711195135 1118687.738863612, 2490535.7627980886 1118687.742085752, 2490535.7598083266 1118687.7435954595, 2490535.7567184814 1118687.744888045, 2490535.7488635005 1118687.7491221484, 2490535.740897971 1118687.7531444146, 2490535.7380705806 1118687.7549399016, 2490535.735122312 1118687.7565291196, 2490535.727720168 1118687.7615127584, 2490535.7201872473 1118687.766296414, 2490535.7175494633 1118687.7683603854, 2490535.714771158 1118687.770230934, 2490535.7078931364 1118687.775916115, 2490535.7008653725 1118687.7814150886, 2490535.698442593 1118687.7837276713, 2490535.695861014 1118687.7858615324, 2490532.279861013 1118690.9038615308, 2490532.2734903623 1118690.9102770789, 2490532.2669561137 1118690.9165259157, 2490532.2648508954 1118690.9189774327, 2490532.2625739924 1118690.921270382, 2490532.2568628495 1118690.9282794734, 2490532.250972561 1118690.9351386856, 2490532.24911777 1118690.9377847456, 2490532.24707658 1118690.940289829, 2490532.2420799523 1118690.947824954, 2490532.2368903435 1118690.9552284922, 2490532.2353038425 1118690.9580436132, 2490532.233518023 1118690.960736704, 2490532.229284025 1118690.9687253048, 2490532.2248450816 1118690.9766018593, 2490532.223542151 1118690.9795589265, 2490532.2220288985 1118690.982414093, 2490532.218598311 1118690.9907792243, 2490532.2149527767 1118690.99905295, 2490532.213945961 1118691.0021234946, 2490532.2127198535 1118691.0051132306, 2490532.2101257127 1118691.0137743317, 2490532.207308698 1118691.022365548, 2490532.2066076975 1118691.0255199883, 2490532.205680538 1118691.0286155113, 2490532.203947824 1118691.0374891835, 2490532.201986462 1118691.0463151403, 2490532.201598026 1118691.0495231037, 2490532.2009787457 1118691.052694596, 2490532.200124148 1118691.0616953685, 2490532.199037324 1118691.070671079, 2490532.198965194 1118691.073901667, 2490532.198659756 1118691.0771185893, 2490532.1986915036 1118691.0861597927, 2490532.198489687 1118691.0951988033, 2490532.198734557 1118691.0984209038, 2490532.1987459036 1118691.1016522753, 2490532.199663691 1118691.1106468344, 2490532.2003488243 1118691.119662098, 2490532.200908336 1118691.1228446807, 2490532.201236358 1118691.1260593808, 2490532.203031347 1118691.1349206688, 2490532.2045968315 1118691.1438253676, 2490532.205465597 1118691.1469377852, 2490532.206107135 1118691.1501048524, 2490532.208762038 1118691.15874753, 2490532.211192798 1118691.167455907, 2490532.2123624496 1118691.1704681816, 2490532.2133113258 1118691.1735571187, 2490532.2168005784 1118691.18189796, 2490532.2200732008 1118691.190326141, 2490532.2215324743 1118691.1932092635, 2490532.2227795506 1118691.1961903218, 2490532.227069544 1118691.2041489885, 2490532.231152517 1118691.212215817, 2490532.2328873617 1118691.2149420267, 2490532.2344206255 1118691.2177864916, 2490532.2394700455 1118691.2252863394, 2490532.2443240467 1118691.2329141255, 2490532.2463177512 1118691.235457161, 2490532.2481224397 1118691.238137645, 2490532.253882663 1118691.2451064538, 2490532.259460941 1118691.25222173, 2490532.261694306 1118691.254557103, 2490532.2634274764 1118691.2566539198, 2490530.275600001 1118693.0714000016, 2490526.7375000007 1118696.3024999984, 2490531.329999998 1118701.9838000014, 2490537.2938 1118710.7237999998, 2490541.4398999996 1118713.3416000009, 2490538.423799999 1118718.1163000017, 2490542.789999999 1118720.8737999983, 2490550.5438 1118719.0899999999, 2490561.182500001 1118716.6424999982, 2490564.4525000006 1118711.4637999982, 2490566.965 1118707.4849999994, 2490568.888700001 1118704.4387999997, 2490569.326200001 1118703.746199999, 2490571.0124999993 1118703.5962999985, 2490574.599300001 1118698.228599999, 2490574.6050000004 1118698.2313, 2490577.798799999 1118686.8838, 2490574.704999998 1118686.1499999985, 2490570.8938000016 1118685.245000001, 2490567.990600001 1118695.5588000007, 2490567.262600001 1118695.0722000003, 2490567.7313 1118694.3299999982, 2490563.3988000005 1118691.5938000008, 2490558.2481000014 1118700.6537000015, 2490557.7264672564 1118701.4797636014, 2490535.997879769 1118687.7591246553, 2490535.99496347 1118687.757477507, 2490535.992172099 1118687.7556265173, 2490535.9842875763 1118687.7514476809, 2490535.9765177737 1118687.747059237), (2490566.7536240155 1118707.3515304571, 2490566.7536240155 1118707.351530457, 2490566.965 1118707.4849999994, 2490566.7536240155 1118707.3515304571), (2490568.209169782 1118695.7048950405, 2490568.209169782 1118695.7048950407, 2490567.990600001 1118695.5588000007, 2490568.209169782 1118695.7048950405))",Solar thermal installation for multiple buildings,Not documented,0.0,112383.01837037994,0.0,51.805816379999996,0.0,601079,1473761,1148675,325086,1538.4411041254248,3169.300104864576,1013.0528335995003,13494.6,7.150691660958905,18.0,15.499999999999998,12.0,17.0,65.0,50.0,60.0,15.0,946.0722891566265,829.0297701736514,2101.2,588.3281368783682,950.1129672470566,20.0,19.6,0.9490601599510977/0.050939840048902243,"['existing', 'existing', 'existing', 'existing']",Oil,Oil,Boiler,II/II,0.08508490634792887,119.399999999999,25912.920000000002,0.0018099999999999998,2.0,6.588642744909797,159.4588497505767,160.27901177982392,950.1129672470566,143623.23421686748,16490.04,6638,10323,22556
1025532,1971-1980,Residential,160.0,True,2490561.6982480325,1118470.1413000003,470.5820403460631,9780,True,False,,"POLYGON ((2490557.8500000015 1118476.1750000007, 2490559.219500563 1118476.0008585465, 2490559.67729748 1118479.6007471108, 2490559.6789577412 1118479.6101057085, 2490559.6804105714 1118479.6194987486, 2490559.681099594 1118479.6221789522, 2490559.6815829882 1118479.6249037576, 2490559.684152557 1118479.634054554, 2490559.686519071 1118479.6432599649, 2490559.6874674824 1118479.6458597279, 2490559.688215626 1118479.6485240303, 2490559.691669757 1118479.6573789034, 2490559.694927163 1118479.6663080268, 2490559.6961258277 1118479.6688023077, 2490559.697131517 1118479.6713804528, 2490559.70143695 1118479.6798541334, 2490559.705553873 1118479.6884209688, 2490559.706991247 1118479.6907857477, 2490559.708244797 1118479.6932529053, 2490559.713360063 1118479.701263774, 2490559.7182968594 1118479.7093858311, 2490559.7199591026 1118479.7115983379, 2490559.7214484387 1118479.713930744, 2490559.7273242725 1118479.7214016502, 2490559.733033401 1118479.7290007109, 2490559.734904504 1118479.7310396358, 2490559.736615284 1118479.7332148298, 2490559.7431950974 1118479.7400738257, 2490559.7496215766 1118479.747076706, 2490559.751683521 1118479.7489224146, 2490559.753599268 1118479.7509194468, 2490559.7608196936 1118479.7571004776, 2490559.767901633 1118479.7634397347, 2490559.770134559 1118479.7650744494, 2490559.772236825 1118479.7668740898, 2490559.780028329 1118479.7723176316, 2490559.787697523 1118479.7779322122, 2490559.790079928 1118479.7793401908, 2490559.7923484654 1118479.7809251067, 2490559.800636014 1118479.7855787366, 2490559.8088186015 1118479.7904145678, 2490559.811327538 1118479.7915822489, 2490559.8137405035 1118479.7929371789, 2490559.8224442923 1118479.7967560836, 2490559.8310614615 1118479.8007665896, 2490559.8336727666 1118479.801682728, 2490559.836206922 1118479.802794623, 2490559.8452431182 1118479.8057420184, 2490559.854211891 1118479.8088885823, 2490559.856900421 1118479.809544357, 2490559.859531357 1118479.8104025067, 2490559.8688129317 1118479.8124500061, 2490559.87804694 1118479.8147023264, 2490559.880786803 1118479.8150914218, 2490559.8834891818 1118479.8156875619, 2490559.892926754 1118479.816815449, 2490559.902337063 1118479.8181518323, 2490559.9051018674 1118479.8182705005, 2490559.9078496685 1118479.818598891, 2490559.9173523495 1118479.818796303, 2490559.926848333 1118479.8192038797, 2490559.929611459 1118479.819050978, 2490559.9323782134 1118479.8191084554, 2490559.9418544834 1118479.8183734915, 2490559.9513446935 1118479.8178483364, 2490559.954079525 1118479.8174253376, 2490559.956838593 1118479.8172113488, 2490559.966197199 1118479.8155510859, 2490559.9755902304 1118479.8140982573, 2490559.978270431 1118479.813409235, 2490559.9809952397 1118479.8129258407, 2490559.9901460456 1118479.8103562691, 2490559.999351447 1118479.8079897577, 2490560.0019512074 1118479.807041347, 2490560.004615512 1118479.806293203, 2490560.0134703894 1118479.80283907, 2490560.0223995084 1118479.7995816658, 2490560.02489379 1118479.798383001, 2490560.027471935 1118479.7973773116, 2490560.035945604 1118479.793071884, 2490560.0445124507 1118479.788954956, 2490566.151612453 1118476.4758549533, 2490566.154020339 1118476.474391378, 2490566.1565319495 1118476.4731139664, 2490566.164498305 1118476.4680225984, 2490566.1725773155 1118476.4631119664, 2490566.174830151 1118476.4614194247, 2490566.1772044594 1118476.4599019832, 2490566.1846334063 1118476.4540542976, 2490566.1921921954 1118476.4483754248, 2490566.194268287 1118476.4464702143, 2490566.1964824246 1118476.444727359, 2490566.203302427 1118476.4381796664, 2490566.21026819 1118476.4317872494, 2490566.212147539 1118476.4296877238, 2490566.2141801883 1118476.4277362342, 2490566.220325569 1118476.4205515876, 2490566.226631219 1118476.413507193, 2490566.2282957286 1118476.4112335686, 2490566.230127311 1118476.4090922417, 2490566.2355388836 1118476.4013398357, 2490566.2411236963 1118476.393711303, 2490566.242557336 1118476.3912854772, 2490566.2441702127 1118476.388974934, 2490566.2487958567 1118476.3807294343, 2490566.253606052 1118476.3725902243, 2490566.254795017 1118476.3700355557, 2490566.256173653 1118476.3675780513, 2490566.259968821 1118476.3589188682, 2490566.263958074 1118476.3503473646, 2490566.2648909125 1118476.347688459, 2490566.2660220326 1118476.3451076576, 2490566.2689501783 1118476.3361181768, 2490566.2720800666 1118476.3271969347, 2490566.272747795 1118476.3244593982, 2490566.2736205054 1118476.3217801552, 2490566.275653428 1118476.3125469526, 2490566.2778938105 1118476.3033618862, 2490566.278289998 1118476.3005720836, 2490566.2788958945 1118476.2978202004, 2490566.280014016 1118476.2884321974, 2490566.2813433167 1118476.2790717632, 2490566.281464148 1118476.2762565603, 2490566.281797395 1118476.2734585407, 2490566.2819899474 1118476.2640061406, 2490566.282395364 1118476.254560493, 2490566.2822396755 1118476.2517470068, 2490566.282297064 1118476.2489297923, 2490566.2815621924 1118476.239504039, 2490566.281039821 1118476.2300641327, 2490566.2806091113 1118476.2272794489, 2490566.280390089 1118476.2244701805, 2490566.1395732076 1118475.1207143317, 2490566.5975 1118475.0625, 2490566.1374999993 1118471.4437999986, 2490565.903900001 1118469.6063, 2490564.8663000017 1118461.4450000003, 2490560.826299999 1118461.9587999992, 2490556.454999998 1118462.5150000006, 2490557.4926000014 1118470.6763000004, 2490557.655099999 1118471.9538000003, 2490557.3187999986 1118471.9963000007, 2490557.8500000015 1118476.1750000007), (2490565.8905010098 1118471.4752230016, 2490565.8905010098 1118471.4752230013, 2490566.1374999993 1118471.4437999986, 2490565.8905010098 1118471.4752230016), (2490557.692799341 1118472.2503116657, 2490557.6927993405 1118472.250311666, 2490557.655099999 1118471.9538000003, 2490557.692799341 1118472.2503116657))",Solar thermal installation for multiple buildings,Not documented,0.0,17627.66191999996,0.0,8.125919999999999,0.0,601070,385309,173051,212258,421.5356033610794,436.58725935005816,139.55319646730496,1858.95,0.9850442594178083,18.0,15.5,12.0,17.0,65.0,50.0,60.0,15.0,128.51405622489958,114.88488437830468,384.8,273.9743365348871,147.5612668261923,20.0,2.7,1.0,"['existing', 'existing']",Oil,Oil,Boiler,II,0.09792356635638383,119.39999999999628,3520.0,0.00209,3.0,8.132040346063137,47.315986881322424,47.31717051114041,147.5612668261923,19509.718875502003,2240.0,6638,10323,22556
1025551,<1919,Administrative,115.32000000000001,True,2490620.730732331,1118690.3325000014,488.8299999999999,9780,True,False,,"POLYGON ((2490623.4224999994 1118686.5687999986, 2490620.1724999994 1118684.1675000004, 2490614.6724999994 1118691.6075000018, 2490617.9213000014 1118694.0100000016, 2490621.288800001 1118696.4987999983, 2490626.788800001 1118689.057500001, 2490623.4224999994 1118686.5687999986))",Solar thermal installation for multiple buildings,Not documented,0.0,10052.599505400005,0.0,5.119054800000001,0.0,601109,226697,110763,115934,262.3378520877585,38.853694349202456,12.41941244246743,0.0,0.0,18.0,14.2,12.0,17.0,65.0,50.0,60.0,15.0,92.62650602409639,59.64783398857973,255.7,171.72434069167969,90.61351139607879,20.0,5.8,1.0,"['existing', 'existing', 'existing', 'existing', 'existing', 'existing', 'existing', 'existing', 'existing', 'existing']",Oil,Solar (thermal),Solar thermal installation,III,0.12016055371824641,114.14000000004276,2537.04,0.0019299999999999999,2.0,8.26,30.958546224047346,30.961391852663102,90.61351139607879,5357.517108433735,807.24,6638,10323,22556
1025516,1971-1980,Residential,400.0,True,2490663.2344000004,1118673.0062500015,487.85,9780,True,False,,"POLYGON ((2490670.5819000006 1118679.6975000016, 2490674.093800001 1118677.7800000012, 2490665.088799998 1118661.289999999, 2490661.5775000006 1118663.2074999996, 2490656.3357000016 1118666.0700999983, 2490652.375 1118668.2325000018, 2490661.379999999 1118684.7225000001, 2490665.3401999995 1118682.5593000017, 2490670.5819000006 1118679.6975000016))",Solar thermal installation for multiple buildings,Not documented,0.0,44069.1547999999,0.0,20.314799999999995,0.0,601123,568654,395988,172666,600.871906461415,1083.3831991146985,346.2986727109373,4612.95,2.4443690881849314,18.0,15.5,12.0,17.0,65.0,50.0,60.0,15.0,321.28514056224896,196.10297501500287,353.50000000000006,271.7819641574294,329.08994230398565,20.0,6.7,1.0,"['existing', 'existing']",Oil,Oil,Boiler,II,0.09792356635639389,119.39999999999851,8800.0,0.00209,3.0,5.88,60.124408629645515,60.12536398419694,329.08994230398565,48774.29718875501,5600.0,6638,10323,22556
1025511,<1919,Residential,190.0,True,2490746.66796233,1119081.155650001,489.2900000000001,9780,True,False,,"POLYGON ((2490741.646299999 1119088.2963000014, 2490748.9288000017 1119095.0188000016, 2490756.1363000013 1119088.0238000005, 2490753.4725 1119085.5799999982, 2490758.1774999984 1119080.4825000018, 2490753.432500001 1119075.5274999999, 2490746.3150000013 1119068.0938000008, 2490738.017499998 1119077.0813000016, 2490738.8225000016 1119077.8238000013, 2490735.164999999 1119081.8288000003, 2490741.646299999 1119088.2963000014))",Solar thermal installation for multiple buildings,Not documented,0.0,18128.447769999984,0.0,8.356770000000001,0.0,601129,662551,446189,216362,683.6350823979772,517.4367518206291,165.39638099775607,2203.2000000000003,1.167459863013699,18.0,15.5,12.0,17.0,65.0,50.0,60.0,15.0,152.61044176706827,270.3129200168717,450.2,330.60175155957523,353.033330838402,20.0,3.2,1.0,"['existing', 'existing']",Oil,Oil,Boiler,II,0.08480461966749056,119.39999999999687,4180.0,0.00181,2.0,6.469999999999998,69.58263323137655,69.58347889464702,353.033330838402,23167.791164658633,2660.0,6638,10323,22556
1025506,<1919,Residential,237.0,True,2490729.3650388615,1118934.5625,488.4220718300301,9780,True,False,,"POLYGON ((2490720.732500002 1118941.1338, 2490724.272500001 1118946.2199999988, 2490726.9937999994 1118950.129999999, 2490730.8588999994 1118947.440200001, 2490734.6262999997 1118944.8187999986, 2490731.9048999995 1118940.9087000005, 2490742.066300001 1118933.8374999985, 2490740.995000001 1118927.0337999985, 2490739.7650000006 1118919.2113000005, 2490716.663800001 1118935.2875000015, 2490720.732500002 1118941.1338))",Condensation boiler for single building,Not documented,0.0,22612.853270999985,0.0,10.423971000000002,0.0,600918,786940,520433,266507,924.7476624912767,646.7959397735889,206.7454762464927,2754.0,1.4593248287671234,18.0,15.5,12.0,17.0,65.0,50.0,60.0,15.0,190.36144578313252,292.8550793571386,695.6000000000001,506.3580466271532,418.3896158641236,20.0,4.0,1.0,"['existing', 'existing']",Gas,Gas,Condensation boiler,II,0.084804619667493,119.39999999999746,5214.0,0.0018100000000000002,2.0,8.802071830030192,79.02813061395517,83.22414603693561,418.3896158641236,28898.77108433735,3318.0,6638,10323,22556
1025540,1946-1960,Residential,70.0,True,2490528.13026456,1118654.234000001,478.56331192230334,9780,True,False,,"POLYGON ((2490529.7137 1118659.1942999996, 2490530.5637999997 1118660.0025000013, 2490532.7688000016 1118657.6838000007, 2490535.031300001 1118655.3038000017, 2490523.6812999994 1118644.5124999993, 2490519.213799998 1118649.2113000005, 2490523.3713999987 1118653.1642000005, 2490519.3874999993 1118657.3550000004, 2490525.7300000004 1118663.3850000016, 2490529.7137 1118659.1942999996))",Solar thermal installation for multiple buildings,Not documented,0.0,7453.802020000009,0.0,3.43602,0.0,601074,381868,195384,186484,457.0275755955646,194.03878193843425,62.02364287597998,826.1999999999999,0.437797448630137,18.0,15.5,12.0,17.0,65.0,50.0,60.0,15.0,56.22489959839357,125.21373640179084,286.3243196575631,286.3116691087625,170.7159064868021,20.0,1.2,1.0,"['existing', 'existing']",Oil,Oil,Boiler,II,0.09464382968413745,119.39999999999146,1540.0,0.00202,2.0,6.736824209405038,51.853231113153136,51.851353292327275,170.7159064868021,8535.502008032126,980.0,6638,10323,22556
1025504,1919-1945,Residential,100.0,True,2490414.9304781435,1118230.3979434355,454.4839196482871,9780,True,False,,"POLYGON ((2490409.4670442175 1118222.7950142517, 2490409.455745909 1118222.7997242047, 2490409.444446007 1118222.8044320755, 2490409.444423174 1118222.8044443405, 2490409.444399253 1118222.8044543124, 2490409.4336169465 1118222.8102490448, 2490409.422832967 1118222.8160417988, 2490409.422811447 1118222.816056242, 2490409.4227886177 1118222.8160685112, 2490409.4126255247 1118222.822892654, 2490409.4024619516 1118222.8297140663, 2490409.402441953 1118222.829730548, 2490409.402420434 1118222.829744997, 2490409.3929750444 1118222.8375325345, 2490409.383529145 1118222.8453172068, 2490409.383510857 1118222.8453355704, 2490409.383490859 1118222.845352058, 2490409.3748547025 1118222.8540274655, 2490409.36621688 1118222.8627009536, 2490409.366200479 1118222.8627210222, 2490409.3661821946 1118222.8627393898, 2490409.3584381184 1118222.872219323, 2490409.3506918834 1118222.8816978915, 2490409.350677529 1118222.8817194707, 2490409.3506611325 1118222.8817395424, 2490409.3438832727 1118222.8919332842, 2490409.3371036695 1118222.9021250699, 2490409.3370915 1118222.9021479506, 2490409.337077149 1118222.902169534, 2490409.3313312717 1118222.9129781919, 2490409.3255831003 1118222.9237857633, 2490409.325573231 1118222.9238097297, 2490409.325561066 1118222.923832613, 2490409.3209024672 1118222.9351519884, 2490409.316241125 1118222.9464713682, 2490409.3162336526 1118222.9464961856, 2490409.316223789 1118222.946520152, 2490409.3126970893 1118222.95824173, 2490409.309167712 1118222.9699634092, 2490409.309162708 1118222.9699888404, 2490409.309155241 1118222.9700136574, 2490409.306794336 1118222.982024994, 2490409.304430982 1118222.9940356454, 2490409.304428495 1118222.9940614414, 2490409.304423496 1118222.994086874, 2490407.4225234943 1118235.8820868698, 2490407.422522901 1118235.882093034, 2490407.4225217085 1118235.882099104, 2490407.421348552 1118235.8943000778, 2490407.4201741223 1118235.9065079594, 2490407.4201741363 1118235.906514149, 2490407.420173544 1118235.9065203099, 2490407.4202019554 1118235.9187836952, 2490407.4202297484 1118235.9310417336, 2490407.4202303686 1118235.931047889, 2490407.420230383 1118235.9310540813, 2490407.4214607384 1118235.9432562096, 2490407.422689837 1118235.9554519185, 2490407.422691058 1118235.9554579859, 2490407.422691679 1118235.9554641445, 2490407.4251111173 1118235.9674819028, 2490407.4275306957 1118235.979503431, 2490407.4275325066 1118235.9795093518, 2490407.4275337276 1118235.9795154175, 2490407.431119519 1118235.9912383463, 2490407.4347057054 1118236.0029646417, 2490407.434708087 1118236.0029703542, 2490407.4347098973 1118236.0029762732, 2490407.4394284473 1118236.0142936285, 2490407.444145766 1118236.0256096062, 2490407.444148696 1118236.0256150577, 2490407.444151078 1118236.0256207709, 2490407.4499565773 1118236.0364218305, 2490407.455759965 1118236.0472202413, 2490407.4557634145 1118236.0472253787, 2490407.4557663454 1118236.0472308316, 2490407.4626033576 1118236.0574120022, 2490407.469436451 1118236.0675884248, 2490407.469440387 1118236.0675931987, 2490407.4694438386 1118236.0675983387, 2490407.4772450486 1118236.0770593586, 2490407.4850435117 1118236.0865179999, 2490407.4850478983 1118236.0865223666, 2490407.485051836 1118236.086527142, 2490407.4937413693 1118236.0951765052, 2490407.502430843 1118236.1038266644, 2490407.5024356367 1118236.1038305801, 2490407.5024400232 1118236.1038349464, 2490407.511933567 1118236.1115893582, 2490407.521430996 1118236.1193477265, 2490407.521436152 1118236.1193511547, 2490407.5214409437 1118236.1193550688, 2490407.53164818 1118236.126141173, 2490407.541860988 1118236.1329317098, 2490407.5418664543 1118236.1329346157, 2490407.5418716073 1118236.1329380416, 2490407.5526964488 1118236.138691836, 2490407.563524067 1118236.144447793, 2490407.563529791 1118236.1444501488, 2490407.563535256 1118236.1444530536, 2490407.5748724868 1118236.1491183455, 2490407.5862116055 1118236.1537850702, 2490407.5862175333 1118236.1537868537, 2490407.5862232563 1118236.1537892087, 2490407.5979632284 1118236.1573208093, 2490407.609705111 1118236.160853618, 2490407.6097111846 1118236.1608548118, 2490407.6097171116 1118236.1608565948, 2490407.6217489378 1118236.1632209092, 2490407.6337783276 1118236.1655853626, 2490407.6337844874 1118236.1655859551, 2490407.633790562 1118236.1655871489, 2490414.3269905616 1118237.1425871481, 2490414.3270174046 1118237.142589729, 2490414.327043865 1118237.1425949228, 2490414.3392278077 1118237.143763792, 2490414.3514117673 1118237.1449353124, 2490414.351438733 1118237.14493525, 2490414.351465576 1118237.1449378252, 2490414.3637058255 1118237.1449068298, 2490414.3759455387 1118237.1448784731, 2490414.375972368 1118237.1448757679, 2490414.3759993343 1118237.1448756997, 2490414.3881774656 1118237.1436451133, 2490414.400355602 1118237.1424171773, 2490414.4003820377 1118237.1424118553, 2490414.400408867 1118237.1424091442, 2490414.4124077642 1118237.1399908129, 2490414.424406875 1118237.1375751288, 2490414.4244326605 1118237.1375672414, 2490414.424459096 1118237.1375619136, 2490414.4361632913 1118237.1339790947, 2490414.4478677306 1118237.1303989592, 2490414.4478926198 1118237.1303885821, 2490414.447918405 1118237.130380689, 2490414.459214714 1118237.1256680563, 2490414.4705122286 1118237.1209577785, 2490414.4705359815 1118237.1209450115, 2490414.470560868 1118237.1209346293, 2490414.481340321 1118237.1151377491, 2490414.4921222893 1118237.109342511, 2490414.492144678 1118237.1093274762, 2490414.492168425 1118237.1093147057, 2490414.5023282566 1118237.102488847, 2490414.512489796 1118237.0956650176, 2490414.5125105996 1118237.0956478636, 2490414.512532985 1118237.0956328243, 2490414.521975595 1118237.0878433755, 2490414.531418599 1118237.0800570205, 2490414.5314376215 1118237.0800379098, 2490414.5314584244 1118237.080020749, 2490414.5400916496 1118237.07134369, 2490414.548726404 1118237.062668833, 2490414.548743463 1118237.062647948, 2490414.548762482 1118237.0626288324, 2490414.5565031907 1118237.0531478964, 2490414.5642465265 1118237.0436679127, 2490414.564261457 1118237.0436454555, 2490414.56427851 1118237.0436245685, 2490414.57105266 1118237.03343055, 2490414.5778294993 1118237.023237249, 2490414.577842156 1118237.0232134375, 2490414.5778570804 1118237.0231909787, 2490414.5835998673 1118237.0123812265, 2490414.589344511 1118237.0015736006, 2490414.5893547717 1118237.0015486658, 2490414.589367424 1118237.0015248496, 2490414.5940231034 1118236.990204048, 2490414.598680666 1118236.9788856, 2490414.598688434 1118236.9788597778, 2490414.5986986905 1118236.978834838, 2490414.6022219816 1118236.9671133345, 2490414.6057480522 1118236.955391745, 2490414.6057532523 1118236.9553652827, 2490414.605761014 1118236.9553394606, 2490414.608118587 1118236.9433282628, 2490414.610451826 1118236.9314545773, 2490415.4725 1118237.057500001, 2490420.5562999994 1118237.8000000007, 2490422.4387999997 1118224.9138000011, 2490417.3550000004 1118224.1700000018, 2490416.493455177 1118224.0444130956, 2490416.4945487175 1118224.0330489678, 2490416.495723764 1118224.020861158, 2490416.495723717 1118224.0208383128, 2490416.495725905 1118224.0208155732, 2490416.495698444 1118224.0085712376, 2490416.4956732187 1118223.996327373, 2490416.495670933 1118223.9963046438, 2490416.4956708816 1118223.9962817978, 2490416.4944433603 1118223.9840987432, 2490416.4932181854 1118223.971916679, 2490416.4932136824 1118223.9718942833, 2490416.4932113923 1118223.9718715523, 2490416.490795754 1118223.9598680774, 2490416.4883823073 1118223.9478641646, 2490416.48837563 1118223.9478423158, 2490416.4883711236 1118223.947819921, 2490416.4847906646 1118223.9361113268, 2490416.4812121564 1118223.9244014686, 2490416.4812033703 1118223.9243803804, 2490416.48119669 1118223.9243585342, 2490416.4764856556 1118223.9130568504, 2490416.4717767853 1118223.9017545495, 2490416.471765975 1118223.9017344248, 2490416.471757185 1118223.901713338, 2490416.465960985 1118223.8909276652, 2490416.4601670625 1118223.8801415097, 2490416.4601543318 1118223.8801225417, 2490416.4601435172 1118223.8801024177, 2490416.453318633 1118223.8699376818, 2490416.446494795 1118223.8597704943, 2490416.4464802635 1118223.859752862, 2490416.446467531 1118223.8597338984, 2490416.438679088 1118223.850286938, 2490416.430891654 1118223.8408376877, 2490416.4308754676 1118223.8408215682, 2490416.430860935 1118223.8408039403, 2490416.4221838564 1118223.832165696, 2490416.4135079077 1118223.8235254227, 2490416.4134902167 1118223.8235109649, 2490416.413474028 1118223.8234948488, 2490416.4039919847 1118223.8157486606, 2490416.3945109695 1118223.8080004263, 2490416.3944919496 1118223.807987774, 2490416.394474257 1118223.8079733204, 2490416.3842786117 1118223.8011938343, 2490416.3740837914 1118223.7944122124, 2490416.37406362 1118223.794401484, 2490416.374044598 1118223.7943888356, 2490416.363233422 1118223.7886412784, 2490416.3524230975 1118223.7828916432, 2490416.3524019746 1118223.7828829447, 2490416.352381802 1118223.7828722205, 2490416.3410588996 1118223.778211845, 2490416.329737493 1118223.773549668, 2490416.3297156184 1118223.7735430817, 2490416.3296944923 1118223.7735343864, 2490416.3179697907 1118223.7700064331, 2490416.306245452 1118223.766476255, 2490416.306223036 1118223.7664718442, 2490416.3062011604 1118223.7664652618, 2490416.2941871476 1118223.7641035244, 2490416.2821732154 1118223.761739525, 2490409.5879732175 1118222.7828395267, 2490409.58794742 1118222.7828370396, 2490409.587921989 1118222.782832041, 2490409.5757374116 1118222.781659853, 2490409.563552615 1118222.780485097, 2490409.563526697 1118222.7804851504, 2490409.5635008994 1118222.7804826687, 2490409.5512603624 1118222.7805104218, 2490409.53901883 1118222.7805356423, 2490409.538993041 1118222.780538236, 2490409.5389671256 1118222.7805382947, 2490409.526788293 1118222.7817656924, 2490409.514608136 1118222.7829906757, 2490409.5145827266 1118222.7829957842, 2490409.5145569406 1118222.782998383, 2490409.5025566793 1118222.7854136813, 2490409.4905556217 1118222.787826554, 2490409.490530836 1118222.7878341284, 2490409.490505428 1118222.7878392423, 2490409.478799562 1118222.791419181, 2490409.4670929257 1118222.7949967047, 2490409.4670690014 1118222.7950066722, 2490409.4670442175 1118222.7950142517))",Solar thermal installation for multiple buildings,Not documented,0.0,10648.288600000014,0.0,4.9086,0.0,601022,300064,226253,73811,298.9784348263547,274.8882744089473,87.86682740641263,1170.4499999999998,0.6202130522260273,18.0,15.5,12.0,17.0,65.0,50.0,60.0,15.0,80.32128514056224,157.3370109985218,210.7,117.37929143131493,181.5991433950398,20.0,1.7,1.0,"['existing', 'existing']",Oil,Electricity,Central electrical boiler,II,0.09464382968414856,119.39999999999402,2200.0,0.00202,1.0,4.123559193185022,51.090879696011335,51.09239550821718,181.5991433950398,12193.574297188752,1400.0,6638,10323,22556
1025507,<1919,Residential,100.0,True,2490711.4835359403,1118952.7544,490.0009283648647,9780,True,False,,"POLYGON ((2490696.425468471 1118931.8521178428, 2490696.420504873 1118931.8632978005, 2490696.4204938365 1118931.8633311428, 2490696.420479597 1118931.8633632401, 2490696.416639311 1118931.8749759793, 2490696.4127953677 1118931.8865888438, 2490696.412787653 1118931.8866231036, 2490696.412776627 1118931.8866564457, 2490696.410093049 1118931.89858982, 2490696.407405907 1118931.9105233978, 2490696.4074015873 1118931.910558252, 2490696.407393883 1118931.910592511, 2490696.405892973 1118931.9227308892, 2490696.404388394 1118931.93487096, 2490696.404387512 1118931.9349060697, 2490696.4043832025 1118931.934940919, 2490696.404079281 1118931.9471682687, 2490696.4037718903 1118931.9593970499, 2490696.4037744533 1118931.9594320753, 2490696.4037735807 1118931.959467181, 2490696.4046696634 1118931.971666136, 2490696.4055623324 1118931.983865468, 2490696.4055683156 1118931.9839000716, 2490696.4055708884 1118931.9839350958, 2490696.407658492 1118931.995988224, 2490696.4097424773 1118932.00804057, 2490696.409751823 1118932.0080744182, 2490696.4097578167 1118932.0081090238, 2490696.413016731 1118932.019899309, 2490696.416272068 1118932.0316895363, 2490696.4162846874 1118932.0317223086, 2490696.4162940434 1118932.031756157, 2490696.42069266 1118932.0431695774, 2490696.4250882207 1118932.0545846147, 2490696.425103992 1118932.054615993, 2490696.4251166205 1118932.0546487607, 2490696.4306125394 1118932.0655756295, 2490696.4361060313 1118932.076505313, 2490696.4361248035 1118932.076534996, 2490696.436140582 1118932.0765663665, 2490696.4426812036 1118932.0869021574, 2490696.4492193926 1118932.0972405227, 2490699.7183299703 1118936.7448201566, 2490693.858707847 1118940.8690703572, 2490693.849050082 1118940.8766028106, 2490693.8393898252 1118940.8841349473, 2490693.8393766317 1118940.8841474978, 2490693.839362274 1118940.8841586958, 2490693.8304887176 1118940.8926020812, 2490693.8216138617 1118940.901044243, 2490693.8216019627 1118940.9010580252, 2490693.8215887705 1118940.9010705778, 2490693.8135853307 1118940.910343308, 2490693.805580895 1118940.919614465, 2490693.8055704036 1118940.9196293477, 2490693.805558506 1118940.9196431322, 2490693.798502018 1118940.9296563577, 2490693.7914453316 1118940.939666772, 2490693.7914363514 1118940.9396826087, 2490693.79142586 1118940.9396974957, 2490693.7853845344 1118940.9503546634, 2490693.779343304 1118940.961008049, 2490693.7793359184 1118940.9610246911, 2490693.779326938 1118940.9610405331, 2490693.774359667 1118940.9722376834, 2490693.7693913626 1118940.9834327681, 2490693.7693856433 1118940.983450055, 2490693.7693782593 1118940.9834667, 2490693.7655322426 1118940.9950973457, 2490693.7616853495 1118941.0067249667, 2490693.7616813527 1118941.0067427282, 2490693.761675635 1118941.0067600198, 2490693.75898827 1118941.0187110605, 2490693.756299477 1118941.0306603287, 2490693.75629724 1118941.030678401, 2490693.7562932456 1118941.0306961648, 2490693.7547903364 1118941.0428521878, 2490693.7532856152 1118941.055008343, 2490693.7532851603 1118941.055026545, 2490693.753282926 1118941.0550446175, 2490693.7529787594 1118941.0672891366, 2490693.752672788 1118941.079534525, 2490693.75267412 1118941.0795526877, 2490693.752673668 1118941.0795708885, 2490693.7535710554 1118941.0917851296, 2490693.7544668987 1118941.1040026746, 2490693.7544700042 1118941.104020619, 2490693.7544713384 1118941.1040387766, 2490693.7565619526 1118941.116108224, 2490693.7586506684 1118941.1281771495, 2490693.7586555164 1118941.1281946974, 2490693.7586586247 1118941.1282126426, 2490693.76192262 1118941.1400206296, 2490693.7651838046 1118941.1518251365, 2490693.7651903494 1118941.1518421257, 2490693.7651952016 1118941.151859679, 2490693.7696006857 1118941.1632904145, 2490693.77400339 1118941.174718893, 2490693.774011569 1118941.1747351594, 2490693.774018118 1118941.1747521518, 2490693.7795222974 1118941.18569504, 2490693.7850244874 1118941.196637939, 2490693.7850342225 1118941.1966533277, 2490693.7850424047 1118941.1966695942, 2490693.791592937 1118941.207020707, 2490693.7981409575 1118941.2173711823, 2490698.401021429 1118947.7590401073, 2490698.076299999 1118947.9875000007, 2490704.8049999997 1118957.5524999984, 2490705.0700000003 1118957.3663000017, 2490713.8324999996 1118969.8225000016, 2490718.607500002 1118966.4631999992, 2490721.414500002 1118964.4888000004, 2490727.0188000016 1118960.5450000018, 2490718.2925000004 1118948.1424999982, 2490718.6525 1118947.888799999, 2490711.8863000013 1118938.2712999992, 2490710.5045137666 1118939.2435229474, 2490702.486155167 1118927.8484401118, 2490702.4861473516 1118927.8484300887, 2490702.486140553 1118927.848419345, 2490702.478604181 1118927.838756261, 2490702.4710690808 1118927.8290927827, 2490702.471060318 1118927.8290835712, 2490702.471052501 1118927.8290735483, 2490702.4626058447 1118927.820196291, 2490702.4541592677 1118927.8113173111, 2490702.4541496453 1118927.811309004, 2490702.4541408825 1118927.8112997944, 2490702.444864758 1118927.8032931848, 2490702.435588579 1118927.7952848847, 2490702.4355781875 1118927.79527756, 2490702.4355685655 1118927.7952692546, 2490702.4255525097 1118927.78821055, 2490702.4155358607 1118927.7811499047, 2490702.415524802 1118927.7811436343, 2490702.4155144114 1118927.7811363114, 2490702.404854789 1118927.7750933855, 2490702.394194232 1118927.7690484987, 2490702.394182611 1118927.7690433417, 2490702.394171553 1118927.7690370732, 2490702.382969784 1118927.7640675541, 2490702.371769223 1118927.7590972097, 2490702.371757156 1118927.7590932178, 2490702.3717455342 1118927.759088062, 2490702.36010973 1118927.7552401482, 2490702.3484768 1118927.751391874, 2490702.3484643986 1118927.7513890837, 2490702.3484523287 1118927.7513850923, 2490702.336496015 1118927.7486963556, 2490702.3245412814 1118927.7460066983, 2490702.324528666 1118927.7460051372, 2490702.324516263 1118927.746002348, 2490702.3123546406 1118927.7444985635, 2490702.3001931794 1118927.7429935448, 2490702.30018047 1118927.7429932277, 2490702.300167855 1118927.7429916677, 2490702.2879182375 1118927.7426871927, 2490702.2756669796 1118927.7423814316, 2490702.2756543006 1118927.7423823618, 2490702.275641593 1118927.7423820458, 2490702.263420678 1118927.7432797416, 2490702.2511988822 1118927.7441762541, 2490702.2511863564 1118927.7441784223, 2490702.2511736783 1118927.7441793536, 2490702.2390988288 1118927.7462707194, 2490702.227024529 1118927.748360727, 2490702.2270122766 1118927.7483641123, 2490702.2269997504 1118927.7483662819, 2490702.215188005 1118927.7516311277, 2490702.2033767323 1118927.7548945514, 2490702.20336487 1118927.7548991216, 2490702.203352617 1118927.7549025083, 2490702.1919180215 1118927.7593092853, 2490702.1804832323 1118927.7637148031, 2490702.180471875 1118927.763720514, 2490702.1804600134 1118927.7637250854, 2490702.169512304 1118927.7692314864, 2490702.158564507 1118927.7747365383, 2490702.158553765 1118927.7747433344, 2490702.1585424077 1118927.774749047, 2490702.1481864685 1118927.7813024186, 2490702.1378316456 1118927.7878536114, 2490702.1378216217 1118927.7878614273, 2490702.1378108785 1118927.787868226, 2490696.50981088 1118931.7489682212, 2490696.500165362 1118931.7564908927, 2490696.490518223 1118931.764010476, 2490696.4904927746 1118931.7640346761, 2490696.490465083 1118931.7640562733, 2490696.4816032783 1118931.7724882264, 2490696.4727397244 1118931.7809171064, 2490696.4727167725 1118931.7809436827, 2490696.472691329 1118931.7809678917, 2490696.4646986765 1118931.7902278467, 2490696.4567039735 1118931.7994849244, 2490696.4566837354 1118931.7995136243, 2490696.4566607894 1118931.7995402087, 2490696.4496145006 1118931.8095386473, 2490696.442565404 1118931.8195351115, 2490696.4425480766 1118931.8195656566, 2490696.4425278464 1118931.8195943625, 2490696.436495359 1118931.8302355716, 2490696.430460177 1118931.840874574, 2490696.430445927 1118931.8409066694, 2490696.430428608 1118931.8409372207, 2490696.425468471 1118931.8521178428))",Solar thermal installation for multiple buildings,Not documented,0.0,9541.288299999993,0.0,4.3983,0.0,601127,1075854,816623,259231,1147.8426648334575,274.8882744089473,87.86682740641263,1170.4499999999998,0.6202130522260273,18.0,15.5,12.0,17.0,65.0,50.0,60.0,15.0,80.32128514056224,479.6500240038095,1007.9,506.81937662620885,641.0232882072488,20.0,1.7,1.0,"['existing', 'existing']",Oil,Oil,Boiler,II,0.08480461966747949,119.39999999999402,2200.0,0.00181,2.0,7.600189681468714,132.61730833203606,132.617477384386,641.0232882072488,12193.574297188752,1400.0,6638,10323,22556
1025514,<1919,Residential,58.0,True,2490672.4148646602,1118756.1953500006,491.87999999999994,9780,True,False,,"POLYGON ((2490684.1675000004 1118769.1587999985, 2490687.6325000003 1118766.6050000004, 2490679.7437999994 1118755.8999999985, 2490679.4153999984 1118756.1369000003, 2490674.8187999986 1118749.4037999995, 2490674.8225000016 1118749.4012999982, 2490667.870000001 1118740.0887999982, 2490662.9662999995 1118742.128800001, 2490658.0713 1118744.1638000011, 2490658.057500001 1118744.1700000018, 2490665.0361 1118756.0810000002, 2490664.782499999 1118756.253800001, 2490669.276299998 1118763.4750000015, 2490671.901700001 1118761.5744000003, 2490679.84 1118772.3475000001, 2490684.1675000004 1118769.1587999985))",Solar thermal installation for multiple buildings,Not documented,0.0,5533.947213999996,0.0,2.5510140000000003,0.0,601125,842644,492298,350346,1045.6784458696384,161.69898495025083,51.6863690638139,688.5,0.36483120719178086,18.0,15.5,12.0,17.0,65.0,50.0,60.0,15.0,46.5863453815261,327.66963802498975,599.2534110806494,599.2445036950426,446.4339421745959,20.0,1.0,1.0,"['existing', 'existing']",Oil,Oil,Boiler,II,0.0848046196674626,119.39999999998969,1276.0,0.00181,2.0,9.250000000000002,89.00262066244788,89.00165770184174,446.4339421745959,7072.273092369476,812.0,6638,10323,22556
1025548/2042496,<1919,Residential/Other,791.92,True,2490754.772869839,1118994.1772000007,487.17292301696256,9780,True,False,,"POLYGON ((2490748.2140999995 1118984.5172999986, 2490749.0788000003 1118985.9675000012, 2490751.9979000017 1118990.8663000017, 2490750.5625 1118991.638799999, 2490750.5425999984 1118991.6506000012, 2490742.017499998 1118996.7038000003, 2490736.9574999996 1118999.2188000008, 2490743.8825000003 1119011.692499999, 2490751.0472999997 1119007.4228999987, 2490756.9250000007 1119004.504999999, 2490766.125 1118999.9362999983, 2490760.0078999996 1118987.6154999994, 2490762.5 1118986.129999999, 2490761.9927801765 1118985.2791281913, 2490761.9930000007 1118985.2789999992, 2490759.892999999 1118981.756000001, 2490758.1180000007 1118978.7780000009, 2490757.8790498683 1118978.3772596926, 2490757.6213999987 1118977.9450000003, 2490755.647500001 1118974.6338, 2490748.5749999993 1118978.8487999998, 2490749.032499999 1118979.6163000017, 2490748.937839699 1118979.6727149447, 2490747.9809999987 1118978.1790000014, 2490744.921 1118980.1389999986, 2490741.8619999997 1118982.0980000012, 2490738.802000001 1118984.0579999983, 2490740.267000001 1118986.3440000005, 2490741.7309999987 1118988.631000001, 2490744.791000001 1118986.671, 2490747.3537328043 1118985.0298121746, 2490748.2140999995 1118984.5172999986))",Wood stove/Boiler for multiple buildings,Not documented,0.0,63188.57621632163,0.0,27.626435623526408,0.0,601128,971621,652946,318675,1139.9521110533042,114.25496697869124,36.52109747288395,747.6891605218235,0.396195118427576,18.0,16.286352156783426,12.0,17.0,65.0,50.0,60.0,15.0,636.0803212851405,496.1859337110481,1513.2487884909633,589.3202366153206,550.6318744379836,18.25255076270349,8.6,0.1262753813516517/0.8737246186483483,"['existing', 'existing', 'existing', 'existing', 'existing', 'existing', 'existing']",Wood,Electricity/Wood,Central electrical boiler/Boiler,II/X,0.030076998875930294,111.6325881402265,6351.5199999999995,0.001390612183048838,3.0,6.541103367514945,138.93012084781657,113.35276054174909,550.6318744379836,48065.5970441767,2091.92,6638,10323,22556
1025529/1025528/2749944,1981-1990/<1919,Residential/Commercial,681.52,True,2490501.5958589297,1118662.8729999997,479.6876040161089,9780,True,False,,"POLYGON ((2490498.149408779 1118653.5415391962, 2490498.1472864565 1118653.5450620172, 2490498.1437806254 1118653.5524313832, 2490498.1400343915 1118653.559681484, 2490498.1385136545 1118653.56350272, 2490498.1367468466 1118653.5672166056, 2490498.133980222 1118653.5748941163, 2490498.1309626605 1118653.5824765025, 2490498.129823792 1118653.5864284013, 2490498.1284295176 1118653.590297576, 2490498.1264287443 1118653.5982092873, 2490498.124168915 1118653.6060509419, 2490498.123422884 1118653.610095441, 2490498.1224145694 1118653.6140826463, 2490498.1211989135 1118653.6221523713, 2490498.119718583 1118653.6301777672, 2490498.119372574 1118653.634275913, 2490498.118759929 1118653.6383427528, 2490498.118341098 1118653.6464927807, 2490498.1176545224 1118653.6546246242, 2490498.1177118686 1118653.658736948, 2490498.117500793 1118653.6628442577, 2490498.1178828212 1118653.6709960913, 2490498.1179966116 1118653.6791560764, 2490498.1184567604 1118653.683242982, 2490498.118649288 1118653.6873511982, 2490498.1198284957 1118653.6954263325, 2490498.120741557 1118653.703535872, 2490498.1216000756 1118653.707557992, 2490498.1221943526 1118653.7116275586, 2490498.124159384 1118653.7195482287, 2490498.125862922 1118653.727529221, 2490498.1271115444 1118653.7314478254, 2490498.128101846 1118653.7354395448, 2490498.1308337757 1118653.7431294639, 2490498.1333113858 1118653.7509050535, 2490498.1349380864 1118653.7546824035, 2490498.1363148764 1118653.7585578342, 2490498.139787395 1118653.7659429486, 2490498.1430152156 1118653.773438248, 2490498.1450043283 1118653.7770379644, 2490498.1467543473 1118653.7807597849, 2490498.150934013 1118653.7877689728, 2490498.154880958 1118653.7949117974, 2490498.1572133256 1118653.7982992115, 2490498.1593197207 1118653.80183158, 2490499.0361280325 1118655.1205028556, 2490496.096122806 1118657.1134732354, 2490496.0960871717 1118657.1135000342, 2490496.0960490885 1118657.113523226, 2490496.0862832447 1118657.1208730936, 2490496.0765150622 1118657.1282192708, 2490496.0764822257 1118657.128249434, 2490496.0764466 1118657.1282762464, 2490496.0674480572 1118657.1365480677, 2490496.0584470998 1118657.144816195, 2490496.0584173794 1118657.1448494296, 2490496.058384551 1118657.1448796066, 2490496.0502400543 1118657.1539936818, 2490496.042092922 1118657.1631041705, 2490496.042066601 1118657.1631401598, 2490496.0420368905 1118657.1631734075, 2490496.034825163 1118657.1730416003, 2490496.0276100296 1118657.182907074, 2490496.0275873626 1118657.1829454703, 2490496.027561054 1118657.18298147, 2490496.0213513034 1118657.1935090206, 2490496.0151379 1118657.2040341927, 2490496.015119106 1118657.2040746256, 2490496.0150964526 1118657.2041130308, 2490496.009948646 1118657.2151982011, 2490496.004796647 1118657.2262820613, 2490496.0047819056 1118657.2263241448, 2490496.004763127 1118657.2263645823, 2490496.000726672 1118657.2379008716, 2490495.9966858625 1118657.2494364204, 2490495.9966753176 1118657.2494797434, 2490495.996660592 1118657.2495218294, 2490495.9937742488 1118657.2613985352, 2490495.9908836577 1118657.2732742806, 2490495.99087741 1118657.2733184288, 2490495.9908668804 1118657.2733617555, 2490495.989158541 1118657.285464294, 2490495.987445911 1118657.2975660707, 2490495.9874440203 1118657.297610618, 2490495.9874377884 1118657.2976547687, 2490495.986923927 1118657.3098665806, 2490495.98640573 1118657.322077847, 2490495.986408215 1118657.322122365, 2490495.9864063403 1118657.3221669144, 2490495.98709194 1118657.3343706508, 2490495.9877731316 1118657.3465735484, 2490495.987779968 1118657.346617606, 2490495.987782469 1118657.346662127, 2490495.9896609257 1118657.3587397886, 2490495.9915349474 1118657.3708172673, 2490495.9915460697 1118657.3708604458, 2490495.9915529224 1118657.370904504, 2490495.99460597 1118657.3827391837, 2490495.997654949 1118657.3945755237, 2490495.997670251 1118657.394617406, 2490495.997681388 1118657.3946605783, 2490496.0018798085 1118657.406139218, 2490496.0060741976 1118657.4176195124, 2490496.0060935295 1118657.41765969, 2490496.006108846 1118657.4177015661, 2490496.0114123933 1118657.428713914, 2490496.0167116113 1118657.4397273075, 2490496.016734788 1118657.4397653965, 2490496.0167541355 1118657.4398055698, 2490496.023111498 1118657.4502449774, 2490496.0294242506 1118657.4606194485, 2490495.298799999 1118657.9563000016, 2490495.6088000014 1118658.4138000011, 2490485.607500002 1118665.1950000003, 2490491.3768000007 1118671.3674000017, 2490496.607500002 1118676.9637999982, 2490501.7474999987 1118673.4787999988, 2490502.079999998 1118673.9688000008, 2490505.6290000007 1118671.5615999997, 2490508.954999998 1118669.3062999994, 2490515.5088 1118664.8625000007, 2490512.8104000017 1118660.8834999986, 2490510.3200000003 1118657.210000001, 2490509.2664380767 1118657.9243500761, 2490503.618541795 1118650.3894641853, 2490503.6178344283 1118650.3886111437, 2490503.617205972 1118650.3876984047, 2490503.6100057913 1118650.379170275, 2490503.602881412 1118650.3705786995, 2490503.602093837 1118650.3697990975, 2490503.6013789442 1118650.368952355, 2490503.5933775315 1118650.3611710316, 2490503.5854453365 1118650.3533191383, 2490503.5845851414 1118650.3526204878, 2490503.5837906944 1118650.3518478929, 2490503.5750650894 1118650.3448882997, 2490503.566401488 1118650.3378517209, 2490503.5654769577 1118650.3372407497, 2490503.5646106065 1118650.336549743, 2490503.5552448514 1118650.3304789166, 2490503.545933269 1118650.324325407, 2490503.5449533034 1118650.323807997, 2490503.5440233946 1118650.3232052356, 2490503.5341077116 1118650.318081656, 2490503.5242377995 1118650.312870462, 2490503.523211836 1118650.3124515961, 2490503.5222273255 1118650.3119428852, 2490503.5118571892 1118650.3078158833, 2490503.5015240186 1118650.303597204, 2490503.500461941 1118650.3032809177, 2490503.499432307 1118650.3028711544, 2490503.4887075843 1118650.299780475, 2490503.478010672 1118650.2965949387, 2490503.4769227062 1118650.296384277, 2490503.475857868 1118650.296077409, 2490503.464881844 1118650.2940528179, 2490503.453924207 1118650.2919311025, 2490503.452820834 1118650.2918280947, 2490503.4517310425 1118650.2916270765, 2490503.4406094304 1118650.2906880733, 2490503.429496589 1118650.2896506102, 2490503.42838843 1118650.289656248, 2490503.4272841853 1118650.289563016, 2490503.4161240985 1118650.2897186426, 2490503.4049630696 1118650.2897754244, 2490503.4038607995 1118650.2898896537, 2490503.4027527333 1118650.2899051055, 2490503.391661632 1118650.2911538635, 2490503.3805599194 1118650.292304343, 2490503.379474154 1118650.2925260635, 2490503.3783729374 1118650.2926500505, 2490503.3674576525 1118650.2949799113, 2490503.3565221545 1118650.2972130112, 2490503.3554633474 1118650.2975400884, 2490503.3543795887 1118650.297771416, 2490503.3437452335 1118650.3011599416, 2490503.3330812715 1118650.304454156, 2490503.3320596237 1118650.3048834386, 2490503.331003756 1118650.3052198798, 2490503.320752736 1118650.3096344403, 2490503.310463019 1118650.3139580407, 2490503.3094883673 1118650.3144853956, 2490503.3084705616 1118650.3149237095, 2490503.2987016053 1118650.3203217888, 2490503.2888852237 1118650.3256331382, 2490503.2879669555 1118650.3262534859, 2490503.2869970123 1118650.326789452, 2490498.2359970133 1118653.4507894563, 2490498.2326096 1118653.453121823, 2490498.22907723 1118653.455228219, 2490498.2225114717 1118653.4600747798, 2490498.215789911 1118653.4647028379, 2490498.2126474176 1118653.467356001, 2490498.209338524 1118653.4697984841, 2490498.203279431 1118653.4752652608, 2490498.1970438613 1118653.480529865, 2490498.194176557 1118653.483478269, 2490498.191123 1118653.4862333208, 2490498.1856289185 1118653.4922676713, 2490498.179939399 1118653.498118115, 2490498.177374895 1118653.5013333673, 2490498.174606085 1118653.5043744529, 2490498.1697299294 1118653.5109182596, 2490498.1646412495 1118653.5172982032, 2490498.162404244 1118653.520749339, 2490498.159946845 1118653.5240471715, 2490498.1557355756 1118653.5310374135, 2490498.151296742 1118653.537885415, 2490498.149408779 1118653.5415391962))",Boiler for multiple buildings/Solar thermal installation for multiple buildings/Not documented,Not documented,0.0,36929.43861920366,0.0,16.963445061328216,0.0,601053,819598,546467,273131,936.0898247640387,1504.7689713755483,480.99278071671995,13675.918200495058,7.246770873700304,18.0,15.951954454748142,12.0,17.0,65.0,50.0,60.0,15.0,547.4056224899598,345.00583263548083,1445.3726798221082,481.78517838258944,454.3046463814492,20.0,39.900000000000006,0.36682709238173494/0.1310012912313652/0.5021716163868999,"['existing', 'existing', 'existing', 'existing', 'existing', 'existing', 'existing', 'existing', 'existing', 'existing', 'existing']",Oil/Other,Oil/Other,Boiler/Not documented,II/II/V,0.04526921442477555,114.10208944712862,18758.08,0.0010056015964316136,2.36682709238172,7.797604016108877,80.07959563960743,80.07886273608543,454.3046463814492,59569.829911646586,7145.6,6638,10323,22556
