egid,period,class,area_era_m2,is_hotwater_system,x,y,z,transformer,gas_grid,h2_grid,geothermal_well,geometry,system_heating,system_heating2,thermal_k1_cooling_W_m2_K,energy_heating_signature_kWh_y,energy_cooling_signature_kWh_y,power_heating_signature_kW,power_cooling_signature_kW,id_building,total_annual_irr_kWh_y,roof_annual_irr_kWh_y,facade_annual_irr_kWh_y,area_solar_m2,energy_hotwater_signature_kWh_y,power_hotwater_signature_W,waste_signature_kg_y,waste_signature_kW,temperature_threshold_cooling_C,temperature_threshold_heating_C,temperature_cooling_supply_C,temperature_cooling_return_C,temperature_heating_supply_C,temperature_heating_return_C,temperature_hotwater_supply_C,temperature_hotwater_return_C,area_net_floor_m2,area_footprint_m2,area_facade_m2,area_facade_solar_m2,area_roof_solar_m2,temperature_interior_C,capita_cap,ratio,status,source_heating,source_hotwater,system_hotwater,id_class,solar_gain_factor_signature_m2,thermal_specific_capacity_Wh_m2_K,energy_el_kWh_y,thermal_transmittance_signature_kW_m2_K,count_floor,height_m,length_footprint_m,length_footprint_facade_m,area_roof_m2,energy_heating_2024_kWh_y,energy_hotwater_2024_kWh_y,id_city,id_neighborhood,id_transformers_V2
1024699,<1919,Residential,624.0,True,2500130.7229493298,1120715.3627278754,413.67574301523126,9995,True,False,,"POLYGON ((2500142.358064276 1120718.2993987822, 2500142.367121443 1120718.291138799, 2500142.367126483 1120718.2911332038, 2500142.367132043 1120718.2911281325, 2500142.37533589 1120718.282019161, 2500142.383541193 1120718.2729096743, 2500142.3835456576 1120718.2729036154, 2500142.3835506965 1120718.2728980205, 2500142.390822767 1120718.2630280298, 2500142.3980951104 1120718.2531589111, 2500142.3980989615 1120718.2531524412, 2500142.3981034257 1120718.2531463818, 2500142.404371992 1120718.242612909, 2500142.4106430337 1120718.2320767199, 2500142.4106462314 1120718.2320699042, 2500142.410650081 1120718.2320634357, 2500142.4158563414 1120718.2209655338, 2500142.421064119 1120718.2098661335, 2500142.4210666334 1120718.2098590373, 2500142.42106983 1120718.2098522226, 2500142.4251634567 1120718.1982968356, 2500142.4292580057 1120718.1867410522, 2500142.4292598125 1120718.1867337443, 2500142.429262326 1120718.1867266484, 2500142.4322033124 1120718.1748268805, 2500142.4351457823 1120718.162924183, 2500142.435146864 1120718.162916731, 2500142.43514867 1120718.162909425, 2500142.4369090204 1120718.1507793318, 2500142.4386707465 1120718.1386448957, 2500142.4386710925 1120718.138637375, 2500142.438672174 1120718.138629926, 2500142.439235277 1120718.1263816473, 2500142.43979895 1120718.1141370127, 2500142.4397985577 1120718.114129498, 2500142.4397989037 1120718.1141219751, 2500142.439158641 1120718.1018753217, 2500142.438519529 1120718.089636559, 2500142.4385184017 1120718.0896291179, 2500142.4385180087 1120718.0896215981, 2500142.436680927 1120718.0774998378, 2500142.4348448045 1120718.0653794864, 2500142.4348429525 1120718.0653721886, 2500142.4348418247 1120718.0653647468, 2500142.431825509 1120718.053481659, 2500142.4288101653 1120718.0415994043, 2500142.428807608 1120718.041592326, 2500142.4288057555 1120718.041585028, 2500142.424638957 1120718.0300540894, 2500142.4204737293 1120718.018525328, 2500142.4204704897 1120718.0185185329, 2500142.4204679313 1120718.018511453, 2500142.4151921324 1120718.0074468993, 2500142.4099157806 1120717.9963794732, 2500142.4099118896 1120717.9963730266, 2500142.4099086504 1120717.9963662333, 2500142.4035728215 1120717.9858705564, 2500142.3972379975 1120717.9753751168, 2500142.397233496 1120717.975369086, 2500142.3972296044 1120717.9753626396, 2500142.3898943774 1120717.965536981, 2500142.382562475 1120717.9557145422, 2500135.9419624745 1120710.157014543, 2500135.933702065 1120710.147956909, 2500135.9254417825 1120710.138898261, 2500135.9254358895 1120710.1388929521, 2500135.925430545 1120710.138887092, 2500135.916322878 1120710.130683428, 2500135.9072136986 1120710.1224773559, 2500135.9072073125 1120710.1224726494, 2500135.9072014205 1120710.1224673423, 2500135.897333024 1120710.1151955307, 2500135.8874638574 1120710.1079221866, 2500135.8874570425 1120710.10791813, 2500135.8874506573 1120710.1079134247, 2500135.8769159 1120710.101643236, 2500135.8663824615 1120710.0953729276, 2500135.866375282 1120710.0953695583, 2500135.866368466 1120710.0953655017, 2500135.855268767 1120710.0901575838, 2500135.8441725355 1120710.0849504347, 2500135.8441650616 1120710.084947786, 2500135.8441578797 1120710.0849444163, 2500135.8326021745 1120710.080849895, 2500135.821047974 1120710.0767550822, 2500135.8210402736 1120710.0767531781, 2500135.8210327984 1120710.0767505295, 2500135.8091334654 1120710.0738088912, 2500135.7972314777 1120710.0708657962, 2500135.7972236276 1120710.070864656, 2500135.7972159293 1120710.0708627529, 2500135.785085021 1120710.0691015392, 2500135.7729524137 1120710.0673392937, 2500135.772944491 1120710.0673389283, 2500135.7729366417 1120710.0673377889, 2500135.7606908437 1120710.0667740616, 2500135.7484446024 1120710.0662095363, 2500135.7484366815 1120710.0662099493, 2500135.748428759 1120710.0662095847, 2500135.7361857286 1120710.0668489195, 2500135.7239440675 1120710.067487405, 2500135.723936227 1120710.0674885921, 2500135.723928305 1120710.0674890059, 2500135.7118057683 1120710.0693254594, 2500135.6996867624 1120710.0711605924, 2500135.6996790753 1120710.0711625426, 2500135.6996712326 1120710.0711637307, 2500135.6877886946 1120710.0741791462, 2500135.6759062978 1120710.0771937242, 2500135.6758988374 1120710.077196419, 2500135.6758911507 1120710.0771983697, 2500135.66436286 1120710.0813634275, 2500135.652831693 1120710.085528698, 2500135.6528245327 1120710.085532111, 2500135.652817074 1120710.085534806, 2500135.641752902 1120710.0908096062, 2500135.6306851692 1120710.0960852434, 2500135.6306783776 1120710.0960893421, 2500135.6306712194 1120710.0960927547, 2500135.620175472 1120710.1024277646, 2500135.6096800095 1120710.1087616952, 2500135.609673655 1120710.108766438, 2500135.609666863 1120710.1087705374, 2500135.599843754 1120710.1161029406, 2500135.5900185048 1120710.1234359718, 2500132.3852853 1120712.7697412083, 2500132.368900001 1120712.7498999983, 2500129.3728 1120709.122299999, 2500125.5161000006 1120704.4527000003, 2500117.5199999996 1120694.7712999992, 2500117.3320390154 1120694.9265416884, 2500117.32640207 1120694.9307495456, 2500117.3263831125 1120694.9307668353, 2500117.3263625517 1120694.93078219, 2500115.8921452947 1120696.1157860095, 2500112.7663000003 1120698.6975000016, 2500120.7622000016 1120708.3790999986, 2500117.5962999985 1120710.9937999994, 2500124.4492000006 1120719.2908999994, 2500121.785 1120721.4913000017, 2500135.2287999988 1120737.7688000016, 2500140.5912999995 1120733.3399999999, 2500145.8125 1120729.0274999999, 2500139.144953537 1120720.9540696433, 2500142.349005587 1120718.3076611524, 2500142.358064276 1120718.2993987822))",Solar thermal installation for multiple buildings,No heat generator,0.0,59537.638991999964,0.0,27.44539199999999,0.0,617938,795394,589967,205427,1273.7485019974656,2039.5787074231653,651.9423596815021,10740.6,5.691366832191782,18.0,15.499999999999998,12.0,17.0,65.0,50.0,60.0,15.0,501.2048192771084,444.25672530069437,712.5266019664894,712.5107455738527,561.2377564236128,20.0,15.6,1.0,"['existing', 'existing', 'existing']",Oil,Oil,Boiler,I,0.08713288800984886,120.29999999999981,17472.0,0.0018099999999999998,2.0,9.085743015231314,121.6215194890579,121.61977429412887,561.2377564236128,46015.614457831325,13104.0,6634,10012,22516
1024173,1919-1945,Residential,318.0,True,2499678.13001626,1121353.240699999,453.2758231189965,9995,True,False,,"POLYGON ((2499687.0788000003 1121351.0088, 2499682.5540999994 1121347.0735, 2499680.7972999997 1121345.5452000014, 2499679.1000000015 1121344.0687999986, 2499675.7938 1121341.1937999986, 2499667.642499998 1121350.5650000013, 2499670.9486999996 1121353.4400999993, 2499674.4025 1121356.4437999986, 2499674.9716 1121355.7895999998, 2499675.5788000003 1121356.317499999, 2499671.5075000003 1121360.9974999987, 2499676.785 1121365.5887999982, 2499686.6713000014 1121354.2237999998, 2499685.3112999983 1121353.0412999988, 2499687.0788000003 1121351.0088))",Solar thermal installation for multiple buildings,Not documented,0.0,33861.557748000036,0.0,15.609348,0.0,617814,419461,270548,148913,612.8629514365999,857.0046201970072,273.9377560256445,3649.0499999999997,1.9336053981164383,18.0,15.5,12.0,17.0,65.0,50.0,60.0,15.0,255.42168674698792,205.53842530348197,345.98635310194015,345.972986504525,266.8899649320749,20.0,5.3,1.0,"['existing', 'existing']",Gas,Gas,Boiler,II,0.09464382968416644,119.3999999999981,6996.0,0.00202,3.0,7.205823118996471,66.76212124004957,66.76026626842531,266.8899649320749,38775.56626506023,4452.0,6634,10012,22516
1024158,<1919,Residential,160.0,True,2499698.7793823574,1121387.53565,452.81,9995,True,False,,"POLYGON ((2499700.9538000003 1121396.9213000014, 2499704.7938 1121392.2349999994, 2499708.41 1121387.8200000003, 2499696.6037999988 1121378.1499999985, 2499692.9888000004 1121382.5650000013, 2499689.1488000005 1121387.2512999997, 2499700.9538000003 1121396.9213000014))",Solar thermal installation for multiple buildings,Not documented,0.0,15266.06127999999,0.0,7.037280000000001,0.0,613621,395998,250268,145730,521.1830786998302,436.58725935005816,139.55319646730496,1858.95,0.9850442594178083,18.0,15.5,12.0,17.0,65.0,50.0,60.0,15.0,128.51405622489958,129.48679249065415,365.2,294.1607756873262,227.02230301250398,20.0,2.7,1.0,"['existing', 'existing']",Gas,Gas,Boiler,II,0.08480461966748827,119.39999999999628,3520.0,0.0018100000000000002,2.0,7.93,46.050608238311,46.051045274508155,227.02230301250398,19509.718875502003,2240.0,6634,10012,22516
295093914,1946-1960,Education,106.95,True,2499841.797497767,1120952.8319000006,446.5299999999999,9995,True,False,,"POLYGON ((2499834.41 1120958.5975000001, 2499849.6625000015 1120957.9263000004, 2499849.423799999 1120952.4963000007, 2499849.1812999994 1120946.9849999994, 2499833.9288000017 1120947.6550000012, 2499834.1711999997 1120953.1675000004, 2499834.41 1120958.5975000001))",Not documented,Not documented,0.0,12607.75422674998,0.0,6.4202085,0.0,617870,259833,185345,74488,399.2809681503914,237.66105558933413,75.96731071048607,0.0,0.0,18.0,14.2,12.0,17.0,65.0,50.0,60.0,15.0,85.90361445783132,118.78752550728758,295.1,202.2399624387813,197.0410057116101,20.0,21.4,1.0,"['existing', 'existing', 'existing', 'existing', 'existing', 'existing', 'existing']",Other,Other,Not documented,VII,0.1513486831117303,114.55000000003278,1818.15,0.0026100000000000003,1.0,6.64,44.44097840092465,44.44191691552212,197.0410057116101,8453.77469879518,1497.3,6634,10012,22516
1024698,<1919,Residential,1157.85,True,2500131.9293209137,1120690.3367999997,415.9073392001899,9995,True,False,,"POLYGON ((2500134.030000001 1120700.6600000001, 2500135.91 1120702.9224999994, 2500137.9437999986 1120705.370000001, 2500149.3324999996 1120695.9037999995, 2500145.4175000004 1120691.1950000003, 2500144.840300001 1120691.674800001, 2500134.9705 1120679.8000999987, 2500135.691300001 1120679.245000001, 2500132.0863000005 1120674.5637999997, 2500116.9563000016 1120686.2149999999, 2500118.8319000006 1120688.6506000012, 2500118.788800001 1120688.6838000007, 2500119.7236 1120689.8084999993, 2500120.5612999983 1120690.8962999992, 2500120.6017999984 1120690.8651, 2500123.3000000007 1120694.111299999, 2500125.9673999995 1120691.894200001, 2500133.583799999 1120701.057500001, 2500134.030000001 1120700.6600000001))",Solar thermal installation for multiple buildings,Not documented,0.0,110473.80658154991,0.0,50.92571655,0.0,617952,1003661,625983,377678,1490.8297704663087,3120.7904093734783,997.5469228784311,13288.050000000001,7.041242298801371,18.0,15.5,12.0,17.0,65.0,50.0,60.0,15.0,929.9999999999999,401.5650976736595,1039.1,871.1940692341433,619.6357012321654,20.0,19.3,1.0,"['existing', 'existing']",Oil,Oil,Boiler,II,0.08480461966750083,119.39999999999947,25472.699999999997,0.0018100000000000002,3.0,11.37360717262487,91.36338927539192,93.30555055166016,619.6357012321654,141183.29999999996,16209.899999999998,6634,10012,22516
1024718,<1919,Residential,167.4,True,2499798.153375617,1121132.1450999994,457.68,9995,True,False,,"POLYGON ((2499806.8825000003 1121134.3038000017, 2499805.4525000006 1121129.6750000007, 2499804.1713000014 1121125.5238000005, 2499789.4499999993 1121130.0687999986, 2499790.7322999984 1121134.2214000002, 2499792.1613 1121138.8500000015, 2499806.8825000003 1121134.3038000017))",Solar thermal installation for multiple buildings,Not documented,0.0,15972.11661419999,0.0,7.362754200000002,0.0,617877,375591,192725,182866,478.98117798116243,452.75715784409766,144.7218333733713,1927.8,1.0215273801369864,18.0,15.500000000000002,12.0,17.0,65.0,50.0,60.0,15.0,134.45783132530119,96.41536952295716,324.084121147436,324.0799645671999,154.90121341396252,20.0,2.8,1.0,"['existing', 'existing']",Gas,Electricity,Central electrical boiler,II,0.08480461966748891,119.39999999999644,3682.8,0.0018100000000000002,2.0,10.49,41.19762430853176,41.19722806637388,154.90121341396252,20412.043373493976,2343.6,6634,10012,22516
295104938,<1919,Industrial,35.34,True,2499776.9048046637,1121254.1168109868,453.0200000000001,9995,True,False,,"POLYGON ((2499775.201829508 1121249.2372237593, 2499775.2017958066 1121249.2372321312, 2499775.1902700844 1121249.2413307552, 2499775.178744177 1121249.2454258432, 2499775.178712755 1121249.245440619, 2499775.178680038 1121249.2454522534, 2499775.167612039 1121249.25066063, 2499775.156542532 1121249.255865965, 2499775.1565127084 1121249.2558837503, 2499775.156481291 1121249.2558985348, 2499775.1459771865 1121249.2621666323, 2499775.1354711056 1121249.2684319569, 2499775.1354431696 1121249.2684525792, 2499775.135413352 1121249.2684703723, 2499775.1255740505 1121249.2757379862, 2499775.1157328263 1121249.2830028008, 2499775.1157070464 1121249.2830260617, 2499775.115679116 1121249.2830466921, 2499775.106599819 1121249.2912434826, 2499775.097517784 1121249.2994381718, 2499775.097494407 1121249.2994638495, 2499775.097468635 1121249.2994871163, 2499775.0892360383 1121249.3085348525, 2499775.0810014014 1121249.3175797884, 2499775.0809806576 1121249.3176076286, 2499775.0809572856 1121249.3176333145, 2499775.0736510456 1121249.3274445788, 2499775.066342738 1121249.3372529366, 2499775.06632482 1121249.337282681, 2499775.0663040816 1121249.3373105293, 2499775.0599949975 1121249.347790184, 2499775.0536829666 1121249.3582681536, 2499775.053668051 1121249.358299509, 2499775.053650141 1121249.358329258, 2499775.048398661 1121249.3693767686, 2499775.0431440063 1121249.3804230513, 2499775.043132235 1121249.3804557202, 2499775.0431173285 1121249.3804870788, 2499775.038974174 1121249.3919955923, 2499775.034827354 1121249.4035042657, 2499775.034818841 1121249.4035379314, 2499775.0348070804 1121249.4035705999, 2499775.0318118487 1121249.4154300287, 2499775.028813103 1121249.4272895122, 2499775.0288079316 1121249.4273238487, 2499775.028799429 1121249.4273575142, 2499775.0269809896 1121249.4394538065, 2499775.0251591746 1121249.4515497258, 2499775.0251573934 1121249.4515844032, 2499775.0251522316 1121249.4516187406, 2499774.1348522333 1121258.313718742, 2499774.1348511125 1121258.3137406858, 2499774.13484785 1121258.3137624129, 2499774.134225291 1121258.3259918634, 2499774.1336006145 1121258.3382206322, 2499774.1336016497 1121258.3382425772, 2499774.1336005325 1121258.3382645221, 2499774.134179658 1121258.3504959096, 2499774.134756627 1121258.362727219, 2499774.134759809 1121258.3627489605, 2499774.134760848 1121258.3627709057, 2499774.136536123 1121258.374886995, 2499774.1383091393 1121258.387002491, 2499774.1383144357 1121258.3870238112, 2499774.1383176213 1121258.3870455537, 2499774.1412720936 1121258.39892994, 2499774.1442239378 1121258.4108126636, 2499774.144231299 1121258.4108333644, 2499774.1442366 1121258.4108546874, 2499774.148341403 1121258.422391369, 2499774.1524440595 1121258.4339284322, 2499774.1524534146 1121258.4339483124, 2499774.15246078 1121258.4339690127, 2499774.1576763843 1121258.4450473222, 2499774.162890341 1121258.4561271793, 2499774.1629016004 1121258.456146048, 2499774.1629109588 1121258.4561659254, 2499774.169186975 1121258.466679105, 2499774.1754621784 1121258.4771951186, 2499774.1754752337 1121258.4772127937, 2499774.175486495 1121258.4772316574, 2499774.1827628873 1121258.4870792257, 2499774.1900384985 1121258.4969293545, 2499774.1900532222 1121258.4969456636, 2499774.190066279 1121258.4969633338, 2499774.198273337 1121258.5060507962, 2499774.2064789226 1121258.5151398354, 2499774.2064951733 1121258.515154622, 2499774.2065099 1121258.5151709283, 2499774.2155686864 1121258.5234106733, 2499774.224625121 1121258.5316511847, 2499774.2246427415 1121258.5316643065, 2499774.2246589963 1121258.5316790915, 2499774.2344819126 1121258.538991328, 2499774.2443023357 1121258.5463043887, 2499774.244321158 1121258.5463157203, 2499774.2443387834 1121258.5463288408, 2499774.254830825 1121258.552642873, 2499774.2653210643 1121258.5589583293, 2499774.2653409075 1121258.558967762, 2499774.2653597333 1121258.558979091, 2499774.2764201714 1121258.5642343361, 2499774.287478885 1121258.569491142, 2499774.2874995563 1121258.5694985837, 2499774.287519403 1121258.5695080135, 2499774.299042137 1121258.573654003, 2499774.310562406 1121258.57780139, 2499774.310583707 1121258.5778067699, 2499774.3106043823 1121258.577814209, 2499774.322477425 1121258.5808106614, 2499774.3343493203 1121258.5838090414, 2499774.334371048 1121258.5838123078, 2499774.334392351 1121258.583817684, 2499774.3465012386 1121258.585635843, 2499774.358610547 1121258.587456239, 2499774.3586324905 1121258.5874573598, 2499774.358654218 1121258.5874606222, 2499778.5108542163 1121259.0038606208, 2499778.5230807993 1121259.0044830337, 2499778.5353071033 1121259.005107846, 2499778.5353317168 1121259.0051066857, 2499778.5353563256 1121259.0051079383, 2499778.5475851092 1121259.0045289365, 2499778.559813715 1121259.0039523558, 2499778.559838095 1121259.0039487884, 2499778.559862709 1121259.003947623, 2499778.571975865 1121259.0021727774, 2499778.5840890626 1121259.0004003616, 2499778.5841129767 1121259.0003944216, 2499778.584137357 1121259.0003908493, 2499778.5960174343 1121258.9974374482, 2499778.6078993618 1121258.9944860712, 2499778.6079225806 1121258.994477815, 2499778.607946491 1121258.9944718708, 2499778.6194793293 1121258.9903684354, 2499778.6310153054 1121258.986266442, 2499778.631037603 1121258.9862559498, 2499778.631060816 1121258.9862476906, 2499778.6421363465 1121258.9810333948, 2499778.6532142754 1121258.975820634, 2499778.653235436 1121258.9758080076, 2499778.653257729 1121258.975797512, 2499778.6637692875 1121258.9695224639, 2499778.674282483 1121258.963249246, 2499778.6743023037 1121258.9632346062, 2499778.6743234606 1121258.9632219763, 2499778.684169645 1121258.9559466064, 2499778.6940170294 1121258.948673347, 2499778.6940353187 1121258.9486568363, 2499778.694055137 1121258.9486421922, 2499778.7031402793 1121258.9404372294, 2499778.7122278614 1121258.9322333112, 2499778.7122444473 1121258.9322150836, 2499778.7122627315 1121258.932198571, 2499778.7204997065 1121258.92314283, 2499778.7287395974 1121258.914087465, 2499778.7287543146 1121258.9140677028, 2499778.728770895 1121258.9140494743, 2499778.73608139 1121258.9042288975, 2499778.743393221 1121258.894410563, 2499778.7434059298 1121258.8943894543, 2499778.743420644 1121258.8943696874, 2499778.7497332804 1121258.8838799656, 2499778.75604761 1121258.8733921042, 2499778.7560581896 1121258.8733698498, 2499778.7560708947 1121258.8733487376, 2499778.7613251554 1121258.8622903714, 2499778.766580895 1121258.851234508, 2499778.7665892406 1121258.8512113274, 2499778.766599817 1121258.8511890678, 2499778.7707446725 1121258.8396694853, 2499778.774891636 1121258.828151164, 2499778.774897671 1121258.828127271, 2499778.774906012 1121258.8281040883, 2499778.7779015442 1121258.8162346922, 2499778.7808997943 1121258.804364378, 2499778.780903458 1121258.8043400112, 2499778.7809094875 1121258.8043161198, 2499778.782727319 1121258.7922094122, 2499778.784547509 1121258.7801032292, 2499779.674847511 1121249.9199032318, 2499779.675471946 1121249.9076843073, 2499779.6760995183 1121249.8954653994, 2499779.676098017 1121249.8954333817, 2499779.676099653 1121249.8954013684, 2499779.675523384 1121249.8831793708, 2499779.674950305 1121249.8709584926, 2499779.6749456725 1121249.8709267776, 2499779.674944163 1121249.8708947569, 2499779.67317277 1121249.8587885513, 2499779.6714045284 1121249.846682236, 2499779.671396809 1121249.846651124, 2499779.6713921684 1121249.8466194093, 2499779.668442734 1121249.8347453033, 2499779.6654963363 1121249.822870423, 2499779.665485605 1121249.82284022, 2499779.665477878 1121249.8228091104, 2499779.6613786826 1121249.8112810024, 2499779.657282628 1121249.7997523746, 2499779.657268988 1121249.7997233681, 2499779.657258249 1121249.7996931665, 2499779.652048995 1121249.78862269, 2499779.6468425062 1121249.7775507302, 2499779.6468260884 1121249.7775231996, 2499779.646812441 1121249.7774941965, 2499779.6405428713 1121249.7669871158, 2499779.6342765144 1121249.7564793036, 2499779.634257479 1121249.7564535178, 2499779.634241053 1121249.756425989, 2499779.626971747 1121249.746583957, 2499779.6197056705 1121249.736741024, 2499779.6196841975 1121249.7367172258, 2499779.619665154 1121249.7366914423, 2499779.6114667496 1121249.727609968, 2499779.6032702997 1121249.7185259825, 2499779.603246596 1121249.7185044026, 2499779.603225118 1121249.7184806108, 2499779.5941762016 1121249.7102465874, 2499779.585128683 1121249.7020095992, 2499779.5851029786 1121249.7019904468, 2499779.585079272 1121249.7019688745, 2499779.5752666104 1121249.6946612687, 2499779.5654555345 1121249.6873509362, 2499779.5654280777 1121249.6873343962, 2499779.5654023695 1121249.6873152507, 2499779.5549207767 1121249.6810046954, 2499779.544440318 1121249.6746911644, 2499779.5444113705 1121249.6746773943, 2499779.544383911 1121249.674660862, 2499779.5333341896 1121249.6694080418, 2499779.52228542 1121249.6641522045, 2499779.522255264 1121249.6641413388, 2499779.5222263145 1121249.6641275766, 2499779.510714789 1121249.65998306, 2499779.499204206 1121249.6558355521, 2499779.499173129 1121249.655827694, 2499779.499142971 1121249.6558168363, 2499779.487280913 1121249.6528206717, 2499779.4754189593 1121249.6498213012, 2499779.4753872617 1121249.649816527, 2499779.475356185 1121249.6498086776, 2499779.4632576862 1121249.6479896428, 2499779.451158745 1121249.6461673726, 2499775.298958743 1121249.22786737, 2499775.2989240657 1121249.2278655889, 2499775.2988897283 1121249.227860427, 2499775.2866731496 1121249.227236373, 2499775.2744572014 1121249.226608953, 2499775.2744225175 1121249.2266105795, 2499775.2743878383 1121249.226608808, 2499775.262168953 1121249.2271851914, 2499775.2499502944 1121249.2277581664, 2499775.2499159356 1121249.2277631848, 2499775.2498812512 1121249.227764821, 2499775.2377779083 1121249.2295360584, 2499775.225674038 1121249.231303943, 2499775.2256403365 1121249.231312305, 2499775.2256059796 1121249.231317333, 2499775.2137341793 1121249.2342664632, 2499775.2018622253 1121249.237212135, 2499775.201829508 1121249.2372237593))",Not documented,Not documented,0.0,4285.190432639987,0.0,1.85238144,0.0,617858,22505,11893,10612,100.26394549914245,13.347889416182399,4.266594121169272,0.0,0.0,18.0,16.4,12.0,17.0,65.0,50.0,60.0,15.0,28.3855421686747,37.15925848982529,159.6,63.09909987785545,37.164845621287,18.0,1.8,1.0,"['existing', 'existing', 'existing', 'existing', 'existing', 'existing', 'existing', 'existing']",Other,Other,Not documented,IX,0.03375957531110048,112.51000000024986,600.7800000000001,0.0020800000000000003,1.0,6.1,26.155848287225318,26.157769753179483,37.164845621287,1738.7847710843375,247.38000000000002,6634,10012,22516
1024711,<1919,Residential,244.0,True,2499739.4862464895,1121260.353149999,454.5,9995,True,False,,"POLYGON ((2499745.7954915767 1121252.6561865655, 2499745.79545706 1121252.6561562167, 2499745.7954256716 1121252.6561226419, 2499745.7862448446 1121252.6480563476, 2499745.77706687 1121252.6399865854, 2499745.777029544 1121252.6399597651, 2499745.7769950167 1121252.6399294294, 2499745.7670679605 1121252.6328019968, 2499745.757143008 1121252.6256705495, 2499745.757103232 1121252.6256475167, 2499745.7570658983 1121252.6256207116, 2499745.7464879714 1121252.6195005856, 2499745.7359118676 1121252.6133763292, 2499745.735870027 1121252.6133573065, 2499745.7358302446 1121252.6133342895, 2499745.724703017 1121252.6082802888, 2499745.713577917 1121252.6032223247, 2499745.7135344152 1121252.6032074955, 2499745.7134925663 1121252.6031884877, 2499745.7019235566 1121252.599249488, 2499745.690356244 1121252.5953063245, 2499745.6903114957 1121252.5952958302, 2499745.690267987 1121252.5952810163, 2499745.678368545 1121252.5924949332, 2499745.6664704857 1121252.589704564, 2499745.666424927 1121252.5896985065, 2499745.6663801735 1121252.5896880282, 2499745.6542650983 1121252.5880817303, 2499745.6421506754 1121252.5864709911, 2499745.642104739 1121252.5864694281, 2499745.642059177 1121252.5864633874, 2499745.6298453463 1121252.586052321, 2499745.617631026 1121252.585636747, 2499745.617585158 1121252.5856396942, 2499745.6175392233 1121252.5856381482, 2499745.6053438224 1121252.586426232, 2499745.593147675 1121252.5872098661, 2499745.593102317 1121252.5872172948, 2499745.593056452 1121252.5872202588, 2499745.5809968947 1121252.5891999265, 2499745.5689364113 1121252.591175198, 2499745.5688920007 1121252.5911870366, 2499745.5688466458 1121252.591194482, 2499745.557038907 1121252.5943467387, 2499745.545230401 1121252.597494555, 2499745.5451873657 1121252.5975106892, 2499745.5451429584 1121252.5975225444, 2499745.533700885 1121252.6018170458, 2499745.522257948 1121252.6061070776, 2499745.522216702 1121252.606127352, 2499745.522173669 1121252.6061435032, 2499735.5244966093 1121256.92939504, 2499734.9162999988 1121255.522500001, 2499733.2749999985 1121256.2325000018, 2499729.9455999993 1121257.6713999994, 2499728.3049999997 1121258.3812999986, 2499732.6275000013 1121268.379999999, 2499734.2487999983 1121267.6788000017, 2499735.9338999987 1121266.950199999, 2499737.6173 1121266.2225000001, 2499739.2388000004 1121265.5212999992, 2499739.4213000014 1121265.942499999, 2499750.213799998 1121261.2762999982, 2499749.4162999988 1121259.4299999997, 2499748.129999999 1121256.4563000016, 2499747.3324999996 1121254.611299999, 2499746.7665178603 1121254.8559990188, 2499745.8509013928 1121252.736466144, 2499745.850881117 1121252.7364248952, 2499745.850864967 1121252.7363818656, 2499745.8454696676 1121252.7254159097, 2499745.8400786472 1121252.714448484, 2499745.840054428 1121252.7144094247, 2499745.8400341365 1121252.7143681818, 2499745.833589827 1121252.7039836391, 2499745.8271499085 1121252.6935976595, 2499745.8271219763 1121252.6935611607, 2499745.827097741 1121252.6935221069, 2499745.8196671647 1121252.6838199592, 2499745.8122396874 1121252.6741144755, 2499745.812208309 1121252.6740808866, 2499745.812180365 1121252.6740444, 2499745.8038346465 1121252.6651173523, 2499745.7954915767 1121252.6561865655))",Solar thermal installation for multiple buildings,Not documented,0.0,23280.743451999984,0.0,10.731852,0.0,617821,397685,241950,155735,589.2562941667852,662.9658382676673,211.9141131525715,2822.85,1.4958079494863012,18.0,15.5,12.0,17.0,65.0,50.0,60.0,15.0,195.98393574297188,156.20134641023063,374.73387197166835,374.7152109097909,214.54108325699428,20.0,4.1,1.0,"['existing', 'existing']",Gas,Gas,Boiler,II,0.08480461966749325,119.39999999999753,5368.0,0.00181,2.0,6.76,54.6239450521807,54.62118454006867,214.54108325699428,29752.32128514056,3416.0,6634,10012,22516
295113114,2006-2010,Education,184.14000000000001,True,2499817.662750406,1121098.7328730826,453.33,9995,True,False,,"POLYGON ((2499807.5106661343 1121095.4384830375, 2499807.510662615 1121095.438486499, 2499807.502808828 1121095.4478959658, 2499807.49494754 1121095.4573136638, 2499807.494944761 1121095.457317749, 2499807.494941597 1121095.4573215398, 2499807.488046314 1121095.4674578598, 2499807.4811475794 1121095.4775983933, 2499807.4811452143 1121095.4776027303, 2499807.4811424366 1121095.477606814, 2499807.475274182 1121095.4883696449, 2499807.4694023207 1121095.4991380791, 2499807.4694003914 1121095.4991426286, 2499807.469398028 1121095.4991469632, 2499807.464612836 1121095.5104334792, 2499807.459824877 1121095.521725282, 2499807.4598234035 1121095.5217299967, 2499807.4598214757 1121095.521734544, 2499807.4561635293 1121095.5334423624, 2499807.4525074842 1121095.545142475, 2499807.4525064807 1121095.545147308, 2499807.452505007 1121095.5451520258, 2499807.4500125367 1121095.5571605887, 2499807.4475206127 1121095.5691641378, 2499807.4475200875 1121095.5691690505, 2499807.447519084 1121095.5691738853, 2499807.4462159923 1121095.5813658214, 2499807.4449122893 1121095.5935589285, 2499807.4449122483 1121095.5935638666, 2499807.444911723 1121095.593568779, 2499807.444809883 1121095.6058348145, 2499807.4447076335 1121095.618091912, 2499807.4447080763 1121095.618096829, 2499807.4447080353 1121095.6181017705, 2499807.4458085713 1121095.6303143254, 2499807.4469086155 1121095.6425268224, 2499807.446909539 1121095.6425316771, 2499807.4469099822 1121095.642536594, 2499807.4492019583 1121095.654580893, 2499807.45149404 1121095.666628338, 2499807.451495434 1121095.6666330753, 2499807.4514963576 1121095.6666379287, 2499809.97849636 1121106.1225379244, 2499809.981956795 1121106.1342959988, 2499809.9854164706 1121106.1460549366, 2499809.9854201917 1121106.1460641376, 2499809.9854229945 1121106.146073661, 2499809.990019953 1121106.1574376503, 2499809.994614853 1121106.1687991428, 2499809.994619458 1121106.1688079347, 2499809.994623181 1121106.1688171378, 2499810.0003115144 1121106.1796751474, 2499810.005998265 1121106.1905322305, 2499810.0060037104 1121106.1905405298, 2499810.0060083168 1121106.1905493226, 2499810.012732382 1121106.2007957436, 2499810.0194570776 1121106.211044898, 2499810.0194633114 1121106.2110526252, 2499810.0194687564 1121106.2110609224, 2499810.0271656075 1121106.220599971, 2499810.034861676 1121106.230139597, 2499810.0348686343 1121106.230146673, 2499810.0348748686 1121106.2301543995, 2499810.043471119 1121106.2388945876, 2499810.052063704 1121106.247632435, 2499810.0520713227 1121106.2476387953, 2499810.0520782843 1121106.2476458733, 2499810.0614900696 1121106.2555015956, 2499810.070897498 1121106.2633549469, 2499810.070905703 1121106.2633605292, 2499810.070913325 1121106.263366891, 2499810.0810490274 1121106.2702617536, 2499810.0911816778 1121106.2771557157, 2499810.0911903917 1121106.2771604678, 2499810.0911985994 1121106.277166051, 2499810.1019603703 1121106.2830337281, 2499810.112720895 1121106.288901833, 2499810.112730033 1121106.2889057081, 2499810.1127387485 1121106.28891046, 2499810.1240233975 1121106.2936948603, 2499810.1353077167 1121106.2984801768, 2499810.1353171915 1121106.298483138, 2499810.1353263296 1121106.2984870123, 2499810.147025345 1121106.302142208, 2499810.158724618 1121106.3057985026, 2499810.158734337 1121106.3058005206, 2499810.1587438113 1121106.3058034808, 2499810.1707445253 1121106.3082943219, 2499810.182746082 1121106.310786331, 2499810.1827559527 1121106.310787387, 2499810.182765671 1121106.310789404, 2499810.1949526663 1121106.3120919673, 2499810.207140769 1121106.3133956266, 2499810.207150695 1121106.3133957097, 2499810.2071605646 1121106.3133967647, 2499810.219416959 1121106.3134985247, 2499810.231673744 1121106.31360126, 2499810.23168363 1121106.31360037, 2499810.231693556 1121106.3136004524, 2499810.243900798 1121106.3125003956, 2499810.256108742 1121106.3114012515, 2499810.256118494 1121106.3113993965, 2499810.2561283796 1121106.3113985057, 2499810.2681688885 1121106.3091072512, 2499810.2802104405 1121106.3068167877, 2499827.6893104403 1121102.1008167882, 2499827.7010726323 1121102.097356155, 2499827.712836831 1121102.0938954675, 2499827.712841694 1121102.093893501, 2499827.712846726 1121102.0938920204, 2499827.724212959 1121102.0892952033, 2499827.7355814227 1121102.0846980384, 2499827.7355860705 1121102.0846956042, 2499827.7355909324 1121102.084693638, 2499827.746452655 1121102.0790044572, 2499827.7573149875 1121102.0733155373, 2499827.7573193726 1121102.0733126604, 2499827.7573240204 1121102.073310226, 2499827.7675762256 1121102.0665835282, 2499827.777828219 1121102.0598575843, 2499827.7778323023 1121102.0598542902, 2499827.7778366874 1121102.0598514131, 2499827.787380478 1121102.0521519855, 2499827.7969235633 1121102.0444537867, 2499827.7969273026 1121102.04445011, 2499827.7969313865 1121102.0444468153, 2499827.805675052 1121102.0358485086, 2499827.814417123 1121102.0272524916, 2499827.814420485 1121102.0272484645, 2499827.8144242247 1121102.027244787, 2499827.822281131 1121102.0178331002, 2499827.830140424 1121102.0084193568, 2499827.8301433753 1121102.0084150194, 2499827.8301467365 1121102.008410993, 2499827.8370455997 1121101.9982711396, 2499827.843942043 1121101.9881357555, 2499827.8439445533 1121101.988131153, 2499827.8439475056 1121101.9881268134, 2499827.8498198693 1121101.9773584784, 2499827.8556890627 1121101.9665970304, 2499827.8556911107 1121101.9665922015, 2499827.8556936225 1121101.9665875956, 2499827.8604818825 1121101.955296336, 2499827.8652683534 1121101.9440106105, 2499827.8652699175 1121101.9440056055, 2499827.8652719664 1121101.9440007745, 2499827.8689303845 1121101.9322947075, 2499827.872587661 1121101.9205940159, 2499827.872588727 1121101.9205888803, 2499827.8725902922 1121101.920583873, 2499827.875083546 1121101.9085763216, 2499827.877576496 1121101.896572761, 2499827.877577054 1121101.8965675465, 2499827.8775781207 1121101.8965624091, 2499827.8788823853 1121101.884368645, 2499827.880186814 1121101.8721781836, 2499827.880186858 1121101.8721729384, 2499827.880187416 1121101.8721677223, 2499827.880290203 1121101.859904832, 2499827.8803934758 1121101.8476452169, 2499827.880393006 1121101.8476399935, 2499827.8803930497 1121101.847634747, 2499827.879293528 1121101.8354226097, 2499827.8781944914 1121101.8232101267, 2499827.878193511 1121101.823204972, 2499827.878193041 1121101.8231997488, 2499827.8759019296 1121101.8111547905, 2499827.873611038 1121101.7991082363, 2499825.3477110355 1121091.3422082365, 2499825.347708147 1121091.3421984173, 2499825.347706235 1121091.3421883676, 2499825.3442467176 1121091.3304316974, 2499825.3407872543 1121091.3186716603, 2499825.340783418 1121091.3186621738, 2499825.3407805297 1121091.3186523577, 2499825.336185297 1121091.3072913452, 2499825.331589825 1121091.2959270682, 2499825.3315850766 1121091.2959180016, 2499825.3315812405 1121091.2959085177, 2499825.325894182 1121091.285051899, 2499825.320207324 1121091.2741935034, 2499825.3202017113 1121091.2741849488, 2499825.320196963 1121091.2741758837, 2499825.3134725313 1121091.2639280227, 2499825.306749371 1121091.253680272, 2499825.306742946 1121091.2536723076, 2499825.3067373326 1121091.2536637527, 2499825.299041398 1121091.2441250694, 2499825.2913455735 1121091.2345849273, 2499825.2913383986 1121091.2345776306, 2499825.291331974 1121091.2345696674, 2499825.2827377683 1121091.2258308684, 2499825.2741442784 1121091.2170913683, 2499825.274136424 1121091.2170848108, 2499825.2741292487 1121091.2170775149, 2499825.2647194173 1121091.2092227933, 2499825.2553111436 1121091.2013680672, 2499825.2553026844 1121091.2013623111, 2499825.255294828 1121091.2013557535, 2499825.245160846 1121091.194461476, 2499825.2350275423 1121091.187566448, 2499825.2350185583 1121091.1875615483, 2499825.2350100987 1121091.187555793, 2499825.224249617 1121091.181688268, 2499825.2134888167 1121091.175819428, 2499825.2134793964 1121091.1758154326, 2499825.213470413 1121091.175810534, 2499825.202185959 1121091.1710256909, 2499825.190902397 1121091.1662401375, 2499825.190892631 1121091.1662370851, 2499825.19088321 1121091.1662330902, 2499825.1791833257 1121091.1625771162, 2499825.1674858024 1121091.15892083, 2499825.1674757847 1121091.1589187495, 2499825.167466017 1121091.1589156974, 2499825.155464796 1121091.1564242567, 2499825.1434645476 1121091.1539319947, 2499825.143454373 1121091.153930906, 2499825.143444354 1121091.153928826, 2499825.1312567196 1121091.152625708, 2499825.11906997 1121091.1513216768, 2499825.119059739 1121091.1513215906, 2499825.1190495635 1121091.1513205026, 2499825.106793377 1121091.1512182606, 2499825.0945370034 1121091.151115015, 2499825.094526811 1121091.1511159323, 2499825.09451658 1121091.1511158468, 2499825.082309691 1121091.1522153863, 2499825.070101913 1121091.1533139995, 2499825.0700918613 1121091.153315911, 2499825.0700816694 1121091.1533168291, 2499825.0580407428 1121091.1556076708, 2499825.046000023 1121091.1578974528, 2499825.045990206 1121091.1579003406, 2499825.045980154 1121091.157902253, 2499807.6357801543 1121095.3649022568, 2499807.6357754148 1121095.3649036514, 2499807.6357705635 1121095.3649045746, 2499807.6240058104 1121095.3683669749, 2499807.612244144 1121095.3718279626, 2499807.6122395676 1121095.3718298138, 2499807.6122348267 1121095.371831209, 2499807.600866913 1121095.3764297552, 2499807.5895003043 1121095.3810272512, 2499807.589495927 1121095.3810295442, 2499807.58949135 1121095.3810313956, 2499807.5786318174 1121095.386720527, 2499807.5677676704 1121095.3924115293, 2499807.5677635404 1121095.3924142392, 2499807.5677591655 1121095.3924165312, 2499807.557505992 1121095.3991450274, 2499807.5472555393 1121095.4058711594, 2499807.5472516967 1121095.4058742598, 2499807.5472475654 1121095.4058769708, 2499807.537705358 1121095.413576371, 2499807.528161454 1121095.4212765181, 2499807.5281579304 1121095.4212799834, 2499807.5281540886 1121095.4212830833, 2499807.519416736 1121095.4298765447, 2499807.5106693013 1121095.4384792435, 2499807.5106661343 1121095.4384830375))",Solar thermal installation for multiple buildings,Not documented,0.59,7734.772158300024,855.3757825800011,3.9387546,1.8143314200000003,617876,376786,250856,125930,383.0420742965352,125.18151876544991,40.0137216746935,0.0,0.0,18.0,14.199999999999998,12.0,17.0,41.5,33.9,60.0,15.0,147.90361445783134,192.6754599879393,190.37677320740332,190.3725124128452,192.66956188369,20.0,18.4,1.0,"['existing', 'existing', 'existing', 'existing', 'existing', 'existing', 'existing', 'existing', 'existing']",Gas,Gas,Boiler,IV,0.05643826242645683,112.90000000002563,2025.5400000000002,0.00093,1.0,6.420000000000001,57.33649399324442,57.3358303180796,192.6754599879393,13100.562650602413,1288.98,6634,10012,22516
2042188,1991-2000,Residential,145.08,True,2499766.1387508437,1121232.42815,457.96000000000004,9995,True,False,,"POLYGON ((2499769.8049999997 1121235.9437999986, 2499771.1163000017 1121232.0874999985, 2499772.088799998 1121229.2237999998, 2499763.3737999983 1121226.2600000016, 2499762.3275000006 1121229.3363000005, 2499761.1613 1121232.7688000016, 2499760.1149999984 1121235.8438000008, 2499768.8313000016 1121238.807500001, 2499769.8049999997 1121235.9437999986))",Solar thermal installation for multiple buildings,Not documented,0.0,11624.641778879968,0.0,5.358674880000001,0.0,617855,269146,126156,142990,382.24595212171374,388.07756386753016,124.047285748975,1652.3999999999999,0.875594897260274,18.0,15.5,12.0,17.0,65.0,50.0,60.0,15.0,116.53012048192771,74.86164899862021,274.1029238832031,274.0983751729718,108.14757694874193,20.0,2.4,1.0,"['existing', 'existing']",Gas,Gas,Boiler,II,0.07121713916827728,119.39999999999587,3191.76,0.00152,2.0,10.18,34.65665450005092,34.6562076719339,108.14757694874193,17690.437590361445,2031.1200000000001,6634,10012,22516
1024716,<1919,Residential,498.0,True,2499755.2377480157,1121122.7901500016,457.86,9995,True,False,,"POLYGON ((2499744.0687999986 1121115.4538000003, 2499739.6224999987 1121118.9913000017, 2499752.407499999 1121135.0612999983, 2499756.592599999 1121131.7305999994, 2499758.469900001 1121130.237399999, 2499760.9301000014 1121128.2800999992, 2499764.8625999987 1121125.1515000015, 2499770.798799999 1121120.4288000017, 2499765.8625000007 1121114.2250000015, 2499759.9268000014 1121118.946800001, 2499752.0788000003 1121109.0813000016, 2499747.901299998 1121112.4050000012, 2499744.0687999986 1121115.4538000003))",Solar thermal installation for multiple buildings,Not documented,0.0,47515.61573399997,0.0,21.903534000000004,0.0,617853,940893,517211,423682,1142.7117454466056,1342.101575020537,428.9968632083846,5714.55,3.0280990196917807,18.0,15.5,12.0,17.0,65.0,50.0,60.0,15.0,399.99999999999994,343.9579494954385,980.3,739.2819087685472,403.42983667805856,20.0,8.3,1.0,"['existing', 'existing']",Gas,Gas,Boiler,II,0.08480461966749811,119.39999999999881,10956.0,0.00181,2.0,11.66,84.07317817948903,84.0765141770839,403.42983667805856,60723.999999999985,6972.0,6634,10012,22516
2042189,1991-2000,Residential,478.0,True,2499733.526507738,1121194.772499999,459.01000000000005,9995,True,False,,"POLYGON ((2499727.6488000005 1121203.602499999, 2499732.6400000006 1121205.3438000008, 2499735.901299998 1121206.4800000004, 2499742.664999999 1121187.0799999982, 2499739.0687999986 1121185.826299999, 2499734.75 1121184.3200000003, 2499731.1525 1121183.0650000013, 2499724.3874999993 1121202.4649999999, 2499727.6488000005 1121203.602499999))",Boiler for multiple buildings,Not documented,0.0,38300.10180799989,0.0,17.655407999999998,0.0,617830,534844,320572,214272,766.8556672637469,1568.9066980188677,501.4941228322598,8262.0,4.37797448630137,18.0,15.5,12.0,17.0,65.0,50.0,60.0,15.0,383.9357429718875,203.63602450945723,464.11280128741504,464.10059257534397,302.75507468840294,20.0,12.0,1.0,"['existing', 'existing', 'existing']",Oil,Oil,Boiler,I,0.0729255433019256,120.29999999999974,13384.0,0.00152,2.0,9.75,59.4747752858446,59.47352311024757,302.75507468840294,35249.140562249,10038.0,6634,10012,22516
2042187,1991-2000,Residential,449.0,True,2499754.7152060512,1121243.2774999999,457.93,9995,True,False,,"POLYGON ((2499749.2575000003 1121246.941300001, 2499756.5474999994 1121249.5912999995, 2499759.4875000007 1121250.6600000001, 2499763.1138000004 1121240.682500001, 2499760.107500002 1121239.5887999982, 2499752.9499999993 1121236.9875000007, 2499749.9437999986 1121235.8949999996, 2499746.316300001 1121245.8724999987, 2499749.2575000003 1121246.941300001))",Solar thermal installation for multiple buildings,Not documented,0.0,35976.45546399989,0.0,16.584263999999997,0.0,617856,367525,197542,169983,543.4705231756129,1464.3129181512127,468.06118131019525,7711.2,4.086109520547946,18.0,15.5,12.0,17.0,65.0,50.0,60.0,15.0,360.64257028112445,125.1449520130917,447.2,363.8560417125383,179.6144814630747,20.0,11.2,1.0,"['existing', 'existing', 'existing']",Gas,Gas,Boiler,I,0.07292554330192551,120.29999999999973,12572.0,0.00152,2.0,9.88,45.25900021221188,45.25970107737525,179.6144814630747,33110.59437751004,9429.0,6634,10012,22516
295094133,1946-1960,Education,91.14,True,2499811.0902480436,1120954.9214999992,446.60094320604037,9995,True,False,,"POLYGON ((2499803.423799999 1120965.6900000013, 2499807.5813000016 1120965.4525000006, 2499811.530000001 1120965.2263000011, 2499811.151935248 1120958.6294234921, 2499814.340999998 1120958.4990000017, 2499814.4169999994 1120960.3559999987, 2499817.0020000003 1120960.2509999983, 2499819.587000001 1120960.1449999996, 2499819.4439999983 1120956.6629999988, 2499819.302000001 1120953.1799999997, 2499819.159000002 1120949.697999999, 2499814.300999999 1120949.8969999999, 2499810.6599859498 1120950.045368137, 2499810.647500001 1120949.8275000006, 2499810.3112999983 1120949.8465999998, 2499810.1719636507 1120947.408679908, 2499809.9680981357 1120943.818136579, 2499809.9680902474 1120943.818062301, 2499809.9680896327 1120943.817987605, 2499809.966794776 1120943.8058640661, 2499809.965507175 1120943.7937399382, 2499809.9654920436 1120943.7936667895, 2499809.9654841106 1120943.793592515, 2499809.9652958955 1120943.7926853618, 2499809.9525000006 1120943.5687999986, 2499809.7105892785 1120943.582662598, 2499809.704328349 1120943.582710371, 2499809.7042540684 1120943.5827182597, 2499809.704179375 1120943.582718874, 2499802.232579375 1120944.0114188748, 2499802.2325658044 1120944.0114203242, 2499802.2325521563 1120944.011420438, 2499802.2209633808 1120944.0126594575, 2499801.9838000014 1120944.0262999982, 2499801.9971754984 1120944.258957149, 2499801.9972098465 1120944.2630774311, 2499801.997310644 1120944.2753291328, 2499801.9973120936 1120944.2753427038, 2499801.9973122072 1120944.2753563514, 2499802.297312208 1120949.4939563537, 2499802.2986113136 1120949.506107124, 2499802.2990971715 1120949.5106674407, 2499802.3125 1120949.7437999994, 2499804.236258048 1120949.6338023986, 2499804.2390687224 1120949.681404995, 2499804.2688000016 1120950.1926000006, 2499802.5425000004 1120950.2912999988, 2499803.423799999 1120965.6900000013))",Not documented,Not documented,0.0,10743.999254099983,0.0,5.471134200000001,0.0,617869,297854,190230,107624,451.2787925260877,202.12295381918764,64.60771284730653,0.0,0.0,18.0,14.200000000000001,12.0,17.0,65.0,50.0,60.0,15.0,73.20481927710843,223.23006893498365,349.1796318979271,254.4710768541615,196.8077156719262,20.0,18.2,1.0,"['existing', 'existing', 'existing', 'existing', 'existing', 'existing', 'existing']",Other,Other,Not documented,VII,0.15134868311173433,114.55000000003844,1549.38,0.00261,1.0,4.0869535602519065,90.79766401224583,67.6242773692305,223.23006893498365,7204.08626506024,1275.96,6634,10012,22516
1024719,<1919,Residential,165.54000000000002,True,2499798.9243999994,1121146.9749999996,455.87,9995,True,False,,"POLYGON ((2499795.7511 1121139.1609000005, 2499792.7250000015 1121140.375, 2499799.0062999986 1121156.0300000012, 2499805.1237999983 1121153.5749999993, 2499798.842500001 1121137.9200000018, 2499795.7511 1121139.1609000005))",Solar thermal installation for multiple buildings,Not documented,0.0,15794.64865181999,0.0,7.280945820000002,0.0,617878,253370,148944,104426,338.6776198337691,452.7571578441964,144.72183337340286,1927.8,1.0215273801369864,18.0,15.5,12.0,17.0,65.0,50.0,60.0,15.0,132.96385542168676,88.74065900233758,209.7626268878572,209.76135776978842,128.9162620639807,20.0,2.8,1.0,"['existing', 'existing']",Gas,Solar (thermal),Solar thermal installation,II,0.08480461966748871,119.3999999999964,3641.8800000000006,0.00181,2.0,8.58,42.921830544859155,42.92168262900032,128.9162620639807,20185.242891566264,2317.5600000000004,6634,10012,22516
1024717/295156633,1981-1990/>2010,Residential,454.14,True,2499780.536942479,1121142.8277000003,457.93,9995,True,False,,"POLYGON ((2499782.879900001 1121148.4631000012, 2499785.4349999987 1121147.414999999, 2499788.6988000013 1121146.0749999993, 2499782.673799999 1121131.1862999983, 2499779.495000001 1121133.7862999998, 2499776.1963 1121136.4849999994, 2499777.6680000015 1121139.5804000013, 2499764.9362999983 1121149.9712999985, 2499767.4849999994 1121153.2188000008, 2499770.2162999995 1121156.6975000016, 2499783.6237999983 1121149.932500001, 2499782.7239999995 1121148.5269999988, 2499782.449531525 1121148.098267685, 2499782.555782573 1121148.0546902993, 2499782.7809000015 1121148.5036999993, 2499782.879900001 1121148.4631000012))",Solar thermal installation for multiple buildings,Not documented,0.0,26567.6276570407,0.0,12.247025040000318,0.0,617843,585498,379065,206433,834.6374125914335,1490.4613631226262,476.4194166921497,7848.899999999999,4.159075761986301,18.000000000000004,15.5,12.0,17.0,65.0,33.9,60.0,15.0,364.7710843373494,214.30324150204981,1494.2,509.540360011155,325.0970525802785,20.000000000000004,11.399999999999999,0.4054696789536267/0.5945303210463734,"['existing', 'existing', 'existing', 'existing', 'existing', 'existing']",Gas,Gas,Boiler,I/I,0.053243998431185005,120.29999999999951,12715.92,0.0011097740784780312,2.594530321046332,10.72,69.69317232489202,69.69489267700763,325.0970525802785,33489.63325301205,9536.94,6634,10012,22516
1024721,<1919,Residential,147.87,True,2499801.9570559408,1121176.3316058544,456.45,9995,True,False,,"POLYGON ((2499800.451299999 1121170.4813, 2499800.372089618 1121170.7124220266, 2499800.3697976945 1121170.7181738166, 2499799.0600542016 1121174.5407117102, 2499797.8324999996 1121178.1224999987, 2499798.0460146694 1121178.1956982312, 2499798.0460745255 1121178.1957291926, 2499798.0460821306 1121178.195732223, 2499798.0460894005 1121178.1957359829, 2499798.057477292 1121178.2002728682, 2499798.0688656154 1121178.2048107886, 2499798.068873479 1121178.2048130585, 2499798.068881084 1121178.2048160883, 2499802.9634744315 1121179.8815278907, 2499804.1149999984 1121180.2762999982, 2499804.1924489867 1121180.0504179543, 2499804.196691107 1121180.0397763506, 2499806.6541911066 1121172.8707763555, 2499806.654199775 1121172.870746341, 2499806.654211336 1121172.8707173187, 2499806.654384334 1121172.8701177426, 2499806.7349999994 1121172.6350000016, 2499806.513377325 1121172.5590401764, 2499806.5101341885 1121172.5577482854, 2499806.498768147 1121172.5532173787, 2499806.4987381333 1121172.5532087106, 2499806.4987091105 1121172.5531971494, 2499802.913569994 1121171.3252280825, 2499800.451299999 1121170.4813))",Solar thermal installation for multiple buildings,Not documented,0.0,14108.70300920999,0.0,6.503766210000001,0.0,617879,144159,85760,58399,230.05506678071723,483.74623189223416,154.62735454093232,2547.4500000000003,1.3498754666095891,18.0,15.5,12.0,17.0,65.0,50.0,60.0,15.0,118.7710843373494,46.55094601010205,136.60669096224663,136.6022084405693,93.45285834014791,20.0,3.7,1.0,"['existing', 'existing', 'existing']",Oil,Gas,Boiler,I,0.08683896932662791,120.29999999999924,4140.360000000001,0.00181,3.0,7.750000000000002,27.44194661323474,27.441368223340895,93.45285834014791,10904.373253012049,3105.27,6634,10012,22516
3132025,1981-1990,Residential,170.19,True,2499859.351899013,1120933.7612500004,449.38000000000005,9995,True,False,,"POLYGON ((2499852.843800001 1120943.673799999, 2499859.7388000004 1120943.3938000016, 2499866.6438000016 1120943.1125000007, 2499865.8599999994 1120923.8487999998, 2499858.954999998 1120924.128800001, 2499852.0599999987 1120924.4100000001, 2499852.843800001 1120943.673799999))",Solar thermal installation for multiple buildings,Not documented,0.0,13636.599009839962,0.0,6.28613784,0.0,613487,463793,302371,161422,742.1055445912486,452.7571578439532,144.72183337332515,1927.8,1.0215273801369864,18.0,15.500000000000002,12.0,17.0,65.0,50.0,60.0,15.0,136.69879518072287,176.0117769767742,437.43469441974037,437.4192942308946,304.686250360354,20.0,2.8,1.0,"['existing', 'existing']",Oil,Oil,Boiler,II,0.07121713916827925,119.39999999999651,3744.18,0.0015199999999999999,1.0,9.73,54.182682516473896,54.181099763252334,304.686250360354,20752.24409638554,2382.66,6634,10012,22516
295084755,1946-1960,Education,54.870000000000005,True,2499853.8140243553,1121118.22645,453.42191179105174,9995,True,False,,"POLYGON ((2499847.6972042667 1121124.0297359473, 2499849.192499999 1121125.9937999994, 2499849.388361684 1121125.8076812555, 2499849.393350272 1121125.803479079, 2499849.3942893595 1121125.8025156043, 2499849.395308981 1121125.8016378018, 2499861.9017089815 1121113.9177378018, 2499861.9017199627 1121113.9177262904, 2499861.901732018 1121113.917715909, 2499861.910186358 1121113.9088510694, 2499861.911298179 1121113.9076855604, 2499862.0824999996 1121113.745000001, 2499860.6906999983 1121112.2804999985, 2499860.6374999993 1121111.4838000014, 2499860.357500002 1121110.6275000013, 2499859.8724999987 1121109.8687999994, 2499859.215 1121109.253800001, 2499858.423799999 1121108.8213, 2499857.5513000004 1121108.6000000015, 2499856.6499999985 1121108.602499999, 2499855.7787999995 1121108.8288000003, 2499854.9899999984 1121109.2650000006, 2499854.3363000005 1121109.8825000003, 2499853.8550000004 1121110.6449999996, 2499853.5788000003 1121111.5025000013, 2499853.5249999985 1121112.4012999982, 2499853.6963 1121113.2850000001, 2499854.0813000016 1121114.1000000015, 2499854.3115000017 1121114.376600001, 2499846.210000001 1121122.076299999, 2499846.3395384266 1121122.2464481238, 2499846.339649186 1121122.2466056643, 2499846.3458235143 1121122.2555946172, 2499847.6972042667 1121124.0297359473))",Not documented,Not documented,0.0,6468.32608154999,0.0,3.2938461,0.0,617833,208852,131289,77563,270.5556430274141,122.16222483637092,39.04861765515669,0.0,0.0,18.0,14.2,12.0,17.0,65.0,50.0,60.0,15.0,44.0722891566265,84.29317170772002,246.1,160.37539168128387,110.1802513461302,20.0,11.0,1.0,"['existing', 'existing', 'existing', 'existing', 'existing', 'existing', 'existing']",Other,Other,Not documented,VII,0.1513486831117525,114.55000000006389,932.7900000000001,0.00261,1.0,5.38429414926208,45.71009726412893,46.00939129522246,110.1802513461302,4337.153975903614,768.1800000000001,6634,10012,22516
1024170/295518170,<1919,Other,664.02,True,2499848.8514251616,1121437.0091937417,453.2574248605245,9995,True,False,,"POLYGON ((2499852.2959247134 1121438.6003874817, 2499854.088799998 1121440.0438, 2499863.1350000016 1121428.807500001, 2499858.9838000014 1121425.4649999999, 2499854.897500001 1121422.1750000007, 2499846.4397007767 1121432.6815683711, 2499845.357000001 1121431.8099999987, 2499842.4519999996 1121435.4180000015, 2499839.5480000004 1121439.0249999985, 2499836.642999999 1121442.6330000013, 2499840.4070000015 1121445.6640000008, 2499844.170000002 1121448.6939999983, 2499847.0749999993 1121445.0859999992, 2499849.9789999984 1121441.4780000001, 2499852.2959247134 1121438.6003874817))",Solar thermal installation for multiple buildings,Not documented,0.0,51484.090822920276,0.0,22.255294319999994,0.0,617880,416217,203535,212682,546.5927736046502,1474.83122346395,471.42331132286836,0.0,0.0,18.0,16.399999999999995,12.0,17.0,65.0,50.0,60.0,15.0,533.3493975903614,250.1809312737931,1451.6545869047563,378.84600999598206,167.74676360866818,19.999999999999996,132.8,0.49579831932773116/0.5042016806722689,"['existing', 'existing', 'existing', 'existing', 'existing', 'existing', 'existing', 'existing', 'existing', 'existing', 'existing', 'existing', 'existing', 'existing']",Gas/Oil,Solar (thermal)/Oil,Solar thermal installation/Boiler,VII/VII,0.043158153699798196,114.55000000001053,11288.34,0.0013299999999999998,2.9999999999999996,10.94742486052449,75.6982010628801,44.00295876826688,250.1809312737931,52486.91421686747,9296.279999999999,6634,10012,22516
295095365,<1919,Industrial,51.150000000000006,True,2499896.268127379,1121490.5825500004,449.59,9995,True,False,,"POLYGON ((2499894.5700000003 1121496.3550000004, 2499902.2837999985 1121490.423799999, 2499900.0414000005 1121487.5075000003, 2499897.9662999995 1121484.8088000007, 2499890.2525000013 1121490.7413000017, 2499892.327399999 1121493.4389000013, 2499894.5700000003 1121496.3550000004))",Not documented,Not documented,0.0,6202.2493103999805,0.0,2.6810784000000005,0.0,617892,137898,81551,56347,205.4462169153254,19.280284711576936,6.162858174802836,0.0,0.0,18.0,16.4,12.0,17.0,65.0,50.0,60.0,15.0,41.08433734939759,45.94982349630625,195.6,126.6280223943507,78.8181945209747,18.0,2.6,1.0,"['existing', 'existing', 'existing', 'existing', 'existing', 'existing', 'existing', 'existing']",Other,Other,Not documented,IX,0.03375957531109296,112.51000000017261,869.5500000000001,0.0020800000000000003,1.0,7.08,27.62703124738166,27.628598398465073,78.8181945209747,2516.6621686746994,358.05000000000007,6634,10012,22516
295095637,<1919,Education,98.58,True,2499877.7259499873,1121462.2529499996,450.12999999999994,9995,True,False,,"POLYGON ((2499870.4098999985 1121467.5925999992, 2499872.6050000004 1121470.5350000001, 2499877.5067999996 1121466.8786000013, 2499878.3563 1121468.0174999982, 2499881.5474999994 1121465.6363000013, 2499884.5775000006 1121463.3762999997, 2499878.503800001 1121455.2349999994, 2499875.4750000015 1121457.495000001, 2499872.282499999 1121459.875, 2499873.2184000015 1121461.1295999996, 2499868.316300001 1121464.7862999998, 2499870.4098999985 1121467.5925999992))",Solar thermal installation for multiple buildings,Not documented,0.0,5387.5414196999955,0.0,2.7434814,0.0,617890,270737,166499,104238,371.604005753778,67.35309977071448,21.529121988069893,0.0,0.0,18.0,14.2,12.0,17.0,65.0,50.0,60.0,15.0,79.18072289156626,99.66136101487422,217.70497668543263,217.7015381345355,153.9024676192425,20.0,9.9,1.0,"['existing', 'existing', 'existing', 'existing', 'existing', 'existing', 'existing', 'existing', 'existing']",Gas,Gas,Boiler,IV,0.0731928429369206,112.90000000004788,1084.3799999999999,0.00121,1.0,7.179999999999999,44.069145834973924,44.068666928163736,153.9024676192425,7013.432530120482,690.06,6634,10012,22516
2042185,<1919,Other,199.95000000000002,True,2499891.0105052893,1121477.483550001,453.69174501091703,9995,True,False,,"POLYGON ((2499902.422820766 1121471.2298746305, 2499902.119183678 1121470.829707774, 2499902.1799999997 1121470.7930000015, 2499902.5709999986 1121469.2129999995, 2499901.7300000004 1121467.8159999996, 2499900.149 1121467.4250000007, 2499899.7278090212 1121467.6789223037, 2499899.7266218304 1121467.6767581727, 2499899.7127705165 1121467.6565084746, 2499899.425219698 1121467.277476913, 2499899.855799999 1121467.0177000016, 2499898.4224999994 1121465.128800001, 2499889.5852000006 1121471.8335999995, 2499888.4974999987 1121470.3999999985, 2499886.4499999993 1121471.9525000006, 2499884.6537999995 1121473.316300001, 2499885.7413000017 1121474.75, 2499886.4464000016 1121475.6796000004, 2499881.691300001 1121479.2875000015, 2499882.1193999983 1121479.8515999988, 2499879.0813000016 1121482.1563000008, 2499882.7349999994 1121486.9725000001, 2499885.7738999985 1121484.6671000011, 2499886.129999999 1121485.1363000013, 2499890.8841000013 1121481.5298999995, 2499891.5177000016 1121482.3649000004, 2499892.5249999985 1121483.692499999, 2499894.3225000016 1121482.3299999982, 2499896.370000001 1121480.7762999982, 2499895.362399999 1121479.4481999986, 2499904.1999999993 1121472.7437999994, 2499902.7008000016 1121470.7674999982, 2499902.6149999984 1121471.1138000004, 2499902.422820766 1121471.2298746305))",Not documented,Not documented,0.0,15502.912502700086,0.0,6.701524199999999,0.0,617891,571568,294044,277524,859.8367822079457,444.2262721282923,141.99497329021128,0.0,0.0,18.0,16.4,12.0,17.0,65.0,50.0,60.0,15.0,160.6024096385542,192.7071524989012,634.1023039265178,570.069119668544,289.7676625394017,20.0,40.0,1.0,"['existing', 'existing', 'existing', 'existing', 'existing', 'existing', 'existing']",Other,Other,Not documented,VII,0.04301483343970684,114.55000000001752,3399.15,0.0013299999999999998,1.0,10.761745010917117,74.44208245297615,68.49200798150186,289.7676625394017,15804.883132530118,2799.3,6634,10012,22516
1024712,1961-1970,Residential,220.0,True,2499698.7861344144,1121265.6236314906,454.58,9995,True,False,,"POLYGON ((2499687.9639141876 1121277.477149255, 2499687.9709323803 1121277.487205805, 2499687.977950418 1121277.49726273, 2499687.977952686 1121277.4972653824, 2499687.9779546824 1121277.4972682432, 2499687.9786896897 1121277.4981277578, 2499688.0975 1121277.6875, 2499688.2939769393 1121277.5642623235, 2499688.297836721 1121277.5620976312, 2499688.3085351572 1121277.5560979887, 2499688.30853802 1121277.556095991, 2499688.3085410614 1121277.5560942853, 2499709.0431410614 1121264.5504942837, 2499709.0531633995 1121264.5434999666, 2499709.0553568285 1121264.5419703969, 2499709.253800001 1121264.4175000004, 2499709.1306174803 1121264.221079408, 2499709.1281079575 1121264.2166047723, 2499709.122133532 1121264.2059430731, 2499704.60243353 1121256.9945430784, 2499704.60226642 1121256.9942768184, 2499702.718919973 1121253.997686642, 2499702.5275 1121253.692499999, 2499695.4465038558 1121258.1337913258, 2499695.2326046163 1121258.2678939109, 2499695.2317835763 1121258.2684666307, 2499695.0199999996 1121258.4012999982, 2499696.9209158835 1121261.4322875289, 2499688.529455977 1121266.6967686976, 2499683.271299999 1121269.995000001, 2499683.4021141385 1121270.203505195, 2499683.404210483 1121270.2072433527, 2499687.963910484 1121277.4771433505, 2499687.9639124805 1121277.4771462113, 2499687.9639141876 1121277.477149255))",Solar thermal installation for multiple buildings,Not documented,0.0,23426.234920000028,0.0,10.79892,0.0,617812,508369,378299,130070,662.1134759558157,598.2862442912044,191.23956552820863,2547.4500000000003,1.3498754666095891,18.0,15.5,12.0,17.0,65.0,50.0,60.0,15.0,176.70682730923693,217.2727549397767,420.30000000000007,273.6062926893914,388.5071832664243,20.0,3.7,1.0,"['existing', 'existing']",Gas,Oil,Boiler,II,0.09464382968416277,119.39999999999728,4840.0,0.00202,2.0,6.03,69.69915296138562,73.26853728310105,388.5071832664243,26825.86345381526,3080.0,6634,10012,22516
1024157,<1919,Residential,126.48,True,2499907.0042199474,1121429.2722092515,449.8116266937335,9995,True,False,,"POLYGON ((2499912.180911603 1121431.739240595, 2499912.3363000005 1121431.5463000014, 2499912.1508039464 1121431.396925709, 2499912.1419779295 1121431.3890758725, 2499910.5602267184 1121430.1156185013, 2499911.9188 1121428.4288000017, 2499911.718800001 1121425.7074999996, 2499909.3137999997 1121423.7699999996, 2499906.897500001 1121424.1449999996, 2499901.6363000013 1121430.6788000017, 2499902.039999999 1121433.0174999982, 2499904.379999999 1121434.9024999999, 2499906.8745944756 1121434.5172317422, 2499907.4571036496 1121434.9861397808, 2499908.736299999 1121436.0163000003, 2499908.878147314 1121435.8401729178, 2499908.886086682 1121435.831244995, 2499908.894239301 1121435.8220777507, 2499912.1799393017 1121431.7405777553, 2499912.180911603 1121431.739240595))",Solar thermal installation for multiple buildings,Not documented,0.0,12067.821441839993,0.0,5.562969840000001,0.0,617889,134306,83794,50512,218.35880916454644,339.5678683852092,108.54137503071122,1445.8500000000001,0.7661455351027399,18.0,15.5,12.0,17.0,65.0,50.0,60.0,15.0,101.59036144578313,68.91089020674275,218.1,133.84120296174294,84.5176062028035,20.000000000000004,2.1,1.0,"['existing', 'existing']",Oil,Oil,Boiler,II,0.08480461966748441,119.39999999999527,2782.56,0.00181,2.0,6.361200823639334,34.28075708427669,34.282622755083146,84.5176062028035,15422.432771084335,1770.72,6634,10012,22516
1024172,<1919,Residential,180.0,True,2499892.947995169,1121524.1539000012,450.13,9995,True,False,,"POLYGON ((2499891.0337999985 1121530.2225000001, 2499892.799899999 1121528.8414000012, 2499894.861299999 1121531.477499999, 2499898.1488999985 1121528.9063999988, 2499901.107500002 1121526.5925000012, 2499899.0467000008 1121523.9565000013, 2499901.0275 1121522.4074999988, 2499898.6279000007 1121519.3385000005, 2499896.4375 1121516.5362999998, 2499886.442499999 1121524.3513000011, 2499888.6334999986 1121527.1526999995, 2499891.0337999985 1121530.2225000001))",Solar thermal installation for multiple buildings,Not documented,0.0,17174.31893999999,0.0,7.91694,0.0,617900,282773,163692,119081,374.67035610736775,485.0969548323014,155.0591071855439,2065.5,1.0944936215753425,18.0,15.5,12.0,17.0,65.0,50.0,60.0,15.0,144.57831325301203,88.10724952012386,235.94170678832546,235.9310406371156,138.7393154702522,20.0,3.0,1.0,"['existing', 'existing']",Oil,Oil,Boiler,II,0.08480461966748984,119.39999999999668,3960.0,0.00181,2.0,8.7,40.97067117558041,40.96944518118847,138.7393154702522,21948.433734939757,2520.0,6634,10012,22531
1024722,<1919,Residential,294.0,True,2499962.7293011155,1121252.0680290665,456.76,9995,True,False,,"POLYGON ((2499974.129027931 1121243.6089092602, 2499974.122196951 1121243.610066536, 2499974.1170390863 1121243.6114718134, 2499974.111811301 1121243.6125892254, 2499974.1052106004 1121243.614694524, 2499974.098525947 1121243.61651578, 2499973.223525947 1121243.90171578, 2499973.2173366575 1121243.9040749716, 2499973.2110471004 1121243.9061521408, 2499973.205881076 1121243.9084415329, 2499973.200601062 1121243.910454133, 2499973.1946728136 1121243.9134086226, 2499973.1886171442 1121243.9160922726, 2499973.1837003957 1121243.9188769993, 2499973.1786430753 1121243.9213974404, 2499973.173032966 1121243.9249187717, 2499973.167269497 1121243.9281830601, 2499972.598840197 1121244.2880661972, 2499969.50661205 1121235.9635228328, 2499970.506239617 1121235.5922673133, 2499970.506245475 1121235.592264804, 2499970.5062515503 1121235.5922628809, 2499970.517518361 1121235.587436223, 2499970.5287916944 1121235.58260745, 2499970.528797281 1121235.582604377, 2499970.5288031357 1121235.582601869, 2499970.5395438406 1121235.5766934291, 2499970.550288345 1121235.5707836112, 2499970.5502935997 1121235.570780008, 2499970.550299185 1121235.570776936, 2499970.560410074 1121235.5638434656, 2499970.5705225454 1121235.5569096673, 2499970.5705274246 1121235.5569055642, 2499970.570532678 1121235.5569019616, 2499970.5799123063 1121235.54901334, 2499970.589299428 1121235.5411192318, 2499970.5893038814 1121235.5411146702, 2499970.5893087564 1121235.54111057, 2499970.5978714232 1121235.5323391107, 2499970.606438161 1121235.5235643752, 2499970.606442144 1121235.5235594008, 2499970.606446596 1121235.5235548408, 2499970.6141098943 1121235.5139843111, 2499970.6217736895 1121235.5044141605, 2499970.621777166 1121235.5044088198, 2499970.6217811494 1121235.5044038452, 2499970.628470543 1121235.4941266195, 2499970.635158324 1121235.4838530147, 2499970.6351612597 1121235.4838473606, 2499970.6351647372 1121235.4838420178, 2499970.6408137945 1121235.4729601082, 2499970.6464631637 1121235.4620789527, 2499970.6464655325 1121235.4620730346, 2499970.6464684675 1121235.4620673803, 2499970.651023282 1121235.4506852333, 2499970.6555793355 1121235.4393016708, 2499970.655581112 1121235.4392955517, 2499970.65558348 1121235.439289634, 2499970.659002019 1121235.4275113572, 2499970.6624190467 1121235.4157405265, 2499970.6624202146 1121235.4157342645, 2499970.6624219916 1121235.4157281416, 2499970.664669395 1121235.4036725843, 2499970.666916427 1121235.391622427, 2499970.6669169758 1121235.3916160776, 2499970.6669181436 1121235.3916098129, 2499970.667972786 1121235.3793953606, 2499970.669028164 1121235.367179642, 2499970.6690280875 1121235.3671732692, 2499970.6690286356 1121235.3671669206, 2499970.668881002 1121235.354910257, 2499970.6687339204 1121235.3426475693, 2499970.6687332196 1121235.3426412328, 2499970.668733143 1121235.342634863, 2499970.667384783 1121235.3304510175, 2499970.66603653 1121235.3182624662, 2499970.6660352116 1121235.3182562315, 2499970.666034511 1121235.318249897, 2499970.6634981264 1121235.3062555043, 2499970.66096197 1121235.2942591745, 2499970.660960047 1121235.2942530976, 2499970.6609587288 1121235.294246864, 2499970.6572595155 1121235.2825607758, 2499970.653559112 1121235.2708688593, 2499970.653556602 1121235.2708629996, 2499970.6535546794 1121235.2708569255, 2499968.45905468 1121229.362956921, 2499968.454234143 1121229.351704397, 2499968.4494160437 1121229.3404512177, 2499968.4494037316 1121229.3404288255, 2499968.4493936687 1121229.3404053354, 2499968.443493134 1121229.3296790018, 2499968.4375954997 1121229.3189527548, 2499968.4375810535 1121229.318931679, 2499968.4375687353 1121229.3189092865, 2499968.4306451646 1121229.3088128336, 2499968.4237246574 1121229.2987164287, 2499968.423708214 1121229.298696869, 2499968.423693761 1121229.2986757932, 2499968.415814751 1121229.2893075934, 2499968.4079371 1121229.2799371262, 2499968.407918816 1121229.2799192697, 2499968.4079023693 1121229.2798997147, 2499968.3991434015 1121229.271349242, 2499968.3903848706 1121229.2627957026, 2499968.3903649254 1121229.2627797252, 2499968.3903466403 1121229.2627618755, 2499968.380791614 1121229.2551109905, 2499968.3712370065 1121229.2474572388, 2499968.3712155907 1121229.2474432932, 2499968.3711956446 1121229.247427322, 2499968.3609360536 1121229.2407494069, 2499968.350677912 1121229.234069453, 2499968.350655236 1121229.2340576756, 2499968.3506338173 1121229.2340437341, 2499968.339768467 1121229.2284032733, 2499968.3289055834 1121229.2227612766, 2499968.328881861 1121229.222751778, 2499968.3288591797 1121229.2227400036, 2499968.3174939863 1121229.2181919736, 2499968.3061296986 1121229.2136416135, 2499968.3061051574 1121229.2136344851, 2499968.3060814333 1121229.2136249915, 2499968.2943252707 1121229.2102128707, 2499968.282569603 1121229.206798291, 2499968.2825444834 1121229.206793603, 2499968.282519941 1121229.2067864798, 2499968.2704856247 1121229.204543036, 2499968.258452193 1121229.2022972144, 2499968.2584267342 1121229.202295011, 2499968.2584016123 1121229.2022903278, 2499968.2462055427 1121229.2012372727, 2499968.234009732 1121229.2001817313, 2499968.2339841793 1121229.200182034, 2499968.2339587198 1121229.2001798355, 2499968.2217180263 1121229.2003272767, 2499968.2094776146 1121229.200472215, 2499968.2094522156 1121229.2004750206, 2499968.2094266624 1121229.2004753284, 2499968.197259482 1121229.2018218443, 2499968.1850920985 1121229.2031658678, 2499968.185067096 1121229.2031711498, 2499968.1850416968 1121229.2031739606, 2499968.1730652857 1121229.2057065426, 2499968.1610880294 1121229.2082367484, 2499968.1610636646 1121229.2082444555, 2499968.1610386632 1121229.2082497424, 2499968.149367956 1121229.2119440872, 2499968.1376965796 1121229.2156360217, 2499961.746105887 1121231.588318734, 2499961.044886179 1121229.6984417695, 2499961.044873962 1121229.6984132237, 2499961.044864596 1121229.6983836233, 2499961.040047511 1121229.687135619, 2499961.0352333314 1121229.6758866876, 2499961.0352183776 1121229.6758594802, 2499961.0352061535 1121229.675830937, 2499961.0293098046 1121229.66510932, 2499961.023416181 1121229.6543863593, 2499961.02339863 1121229.6543607453, 2499961.023383669 1121229.654333541, 2499961.0164653906 1121229.6442423412, 2499961.009548533 1121229.6341478443, 2499961.0095285545 1121229.6341240727, 2499961.009511 1121229.634098467, 2499961.001636979 1121229.6247340338, 2499960.9937639395 1121229.6153660503, 2499960.9937417284 1121229.615344352, 2499960.993721748 1121229.6153205896, 2499960.9849673123 1121229.6067725932, 2499960.9762144154 1121229.5982218566, 2499960.976190186 1121229.5982024416, 2499960.9761679713 1121229.5981807504, 2499960.9666173374 1121229.590531597, 2499960.9570689723 1121229.582880371, 2499960.9570429577 1121229.582863425, 2499960.957018723 1121229.582844015, 2499960.9467646326 1121229.5761680175, 2499960.9365119915 1121229.5694893405, 2499960.936484439 1121229.5694750245, 2499960.93645842 1121229.5694580849, 2499960.9255993627 1121229.5638193202, 2499960.914741447 1121229.558177728, 2499960.914712626 1121229.5581661824, 2499960.9146850705 1121229.5581518738, 2499960.9033255037 1121229.5536045937, 2499960.891967003 1121229.5490544704, 2499960.8919371874 1121229.5490458051, 2499960.891908363 1121229.5490342665, 2499960.8801578293 1121229.545622328, 2499960.8684079875 1121229.5422074297, 2499960.868377467 1121229.5422017286, 2499960.86834765 1121229.5421930708, 2499960.856319318 1121229.5399493247, 2499960.844291288 1121229.5377025467, 2499960.844260355 1121229.5376998645, 2499960.844229833 1121229.537694171, 2499960.8320397967 1121229.5366402378, 2499960.819849161 1121229.5355832058, 2499960.819818113 1121229.5355835685, 2499960.8197871814 1121229.5355808942, 2499960.807552824 1121229.535726865, 2499960.795316998 1121229.5358698175, 2499960.795286135 1121229.5358732217, 2499960.7952550906 1121229.5358735921, 2499960.7830936313 1121229.5372180722, 2499960.770931057 1121229.5385596217, 2499960.7709006784 1121229.5385660343, 2499960.7708698176 1121229.538569446, 2499960.758898 1121229.541099632, 2499960.746926188 1121229.5436267138, 2499960.746896585 1121229.5436360727, 2499960.746866206 1121229.5436424932, 2499960.7351999427 1121229.547333969, 2499960.7235335708 1121229.5510222951, 2499960.723505027 1121229.5510345108, 2499960.7234754246 1121229.5510438778, 2499949.5824754257 1121233.6879438781, 2499949.5824664664 1121233.687947715, 2499949.582457175 1121233.6879506558, 2499949.571189749 1121233.6927770965, 2499949.5599227394 1121233.6976023207, 2499949.5599142006 1121233.6976070167, 2499949.5599052412 1121233.6976108544, 2499949.549164667 1121233.7035187185, 2499949.5384253436 1121233.709424805, 2499949.5384173063 1121233.709430315, 2499949.538408766 1121233.7094350127, 2499949.5282990243 1121233.7163671602, 2499949.5181902694 1121233.7232974737, 2499949.5181828104 1121233.7233037455, 2499949.518174772 1121233.7233092573, 2499949.50879222 1121233.7311997607, 2499949.4994123923 1121233.7390867262, 2499949.4994055857 1121233.7390936972, 2499949.4993981244 1121233.739099972, 2499949.4908339344 1121233.7478723587, 2499949.482272553 1121233.7566405027, 2499949.482266461 1121233.7566481088, 2499949.482259652 1121233.7566550833, 2499949.474597014 1121233.7662240807, 2499949.4669358176 1121233.7757897512, 2499949.466930501 1121233.7757979173, 2499949.466924408 1121233.7758055262, 2499949.460236528 1121233.7860796165, 2499949.4535498875 1121233.7963500537, 2499949.4535453967 1121233.7963587022, 2499949.4535400793 1121233.7963668709, 2499949.4478913797 1121233.8072471316, 2499949.442243676 1121233.8181234035, 2499949.442240055 1121233.8181324492, 2499949.4422355634 1121233.818141101, 2499949.4376800912 1121233.8295237017, 2499949.433126069 1121233.840900111, 2499949.4331233525 1121233.8409094678, 2499949.43311973 1121233.8409185184, 2499949.4297018526 1121233.8526929293, 2499949.4262848734 1121233.864460824, 2499949.4262830867 1121233.8644704022, 2499949.426280369 1121233.8644797644, 2499949.42403337 1121233.876530741, 2499949.4217859735 1121233.8885786405, 2499949.421785134 1121233.8885883505, 2499949.4217833476 1121233.888597931, 2499949.4207286313 1121233.9008081027, 2499949.4196726964 1121233.9130212923, 2499949.419672813 1121233.9130310395, 2499949.419671974 1121233.9130407472, 2499949.419819148 1121233.9252959124, 2499949.4199653943 1121233.9375533834, 2499949.4199664653 1121233.9375630699, 2499949.419966582 1121233.9375728155, 2499949.421314105 1121233.9497531087, 2499949.422661248 1121233.9619386564, 2499949.4226632644 1121233.961948196, 2499949.4226643355 1121233.9619578784, 2499949.4251993177 1121233.9739477762, 2499949.427734296 1121233.9859422678, 2499949.4277372356 1121233.985951559, 2499949.427739252 1121233.9859610947, 2499949.4314380316 1121233.9976472768, 2499949.4351356803 1121234.0093330494, 2499949.4351395173 1121234.0093420085, 2499949.435142458 1121234.0093513, 2499950.539397368 1121236.9824878888, 2499944.511762902 1121239.2210485286, 2499944.5117605138 1121239.2210495516, 2499944.511758036 1121239.2210503358, 2499944.5004872964 1121239.225878147, 2499944.489210732 1121239.230708176, 2499944.4892084533 1121239.2307094291, 2499944.489206067 1121239.2307104515, 2499944.4784636265 1121239.2366192904, 2499944.4677139674 1121239.242531809, 2499944.4677118245 1121239.2425332782, 2499944.467709548 1121239.2425345306, 2499944.4575936752 1121239.2494708274, 2499944.447479635 1121239.2564055591, 2499944.4474776466 1121239.2564072313, 2499944.447475503 1121239.256408701, 2499944.4380857972 1121239.2643051615, 2499944.428702601 1121239.2721958149, 2499944.428700787 1121239.272197673, 2499944.4286987972 1121239.2721993465, 2499944.420127528 1121239.2809789204, 2499944.4115637 1121239.2897505073, 2499944.4115620763 1121239.2897525348, 2499944.4115602607 1121239.2897543947, 2499944.4038937553 1121239.2993281493, 2499944.396227988 1121239.3089005752, 2499944.39622657 1121239.3089027533, 2499944.3962249462 1121239.308904781, 2499944.389537645 1121239.3191779002, 2499944.3828431563 1121239.329461593, 2499944.382841958 1121239.329463901, 2499944.3828405417 1121239.3294660768, 2499944.3771902644 1121239.340349279, 2499944.3715381087 1121239.3512355466, 2499944.371537144 1121239.3512379576, 2499944.3715359457 1121239.3512402652, 2499944.366977999 1121239.3626289277, 2499944.3624217184 1121239.3740127413, 2499944.362420994 1121239.374015237, 2499944.3624200285 1121239.374017649, 2499944.358999617 1121239.3858006282, 2499944.355581782 1121239.39757382, 2499944.355581306 1121239.397576372, 2499944.355580581 1121239.3975788697, 2499944.353331696 1121239.409639714, 2499944.3510841704 1121239.4216918768, 2499944.351083947 1121239.4216944661, 2499944.3510834705 1121239.4216970198, 2499944.350028428 1121239.4339104497, 2499944.3489721995 1121239.4461346415, 2499944.3489722307 1121239.4461372413, 2499944.348972007 1121239.4461398283, 2499944.349119108 1121239.458392709, 2499944.3492662082 1121239.470666717, 2499944.349266494 1121239.4706693024, 2499944.3492665254 1121239.4706718978, 2499944.3506150874 1121239.4828619973, 2499944.3519633655 1121239.495051846, 2499944.3519639024 1121239.4950543854, 2499944.3519641883 1121239.4950569705, 2499944.354501963 1121239.5070602936, 2499944.357037695 1121239.519055186, 2499944.3570384793 1121239.519057664, 2499944.3570390167 1121239.5190602054, 2499944.360741476 1121239.530758163, 2499944.36444033 1121239.5424455723, 2499944.3644413515 1121239.542447958, 2499944.3644421366 1121239.542450438, 2499946.5349421357 1121245.3864504357, 2499946.5397563213 1121245.3976893655, 2499946.544566661 1121245.4089294053, 2499946.544586244 1121245.408965035, 2499946.5446022516 1121245.4090024054, 2499946.550494474 1121245.4197146362, 2499946.5563837565 1121245.430429764, 2499946.5564067382 1121245.430463304, 2499946.556426331 1121245.430498924, 2499946.5633405056 1121245.4405825338, 2499946.570251353 1121245.4506683147, 2499946.5702775083 1121245.4506994362, 2499946.570300501 1121245.4507329687, 2499946.5781700877 1121245.460090719, 2499946.586035898 1121245.4694501492, 2499946.5860649785 1121245.4694785585, 2499946.5860911463 1121245.4695096745, 2499946.5948395054 1121245.4780504694, 2499946.603585378 1121245.486594388, 2499946.6036171056 1121245.4866198122, 2499946.603646195 1121245.4866482113, 2499946.613189314 1121245.494290184, 2499946.6227307813 1121245.5019359228, 2499946.6227648477 1121245.501958114, 2499946.622796581 1121245.5019835257, 2499946.6330433204 1121245.5086536554, 2499946.643287728 1121245.515327006, 2499946.643323803 1121245.51534575, 2499946.6433578767 1121245.5153679305, 2499946.654209301 1121245.5210017092, 2499946.665058243 1121245.5266386745, 2499946.6650959826 1121245.5266537927, 2499946.6651320653 1121245.526672526, 2499946.676483204 1121245.5312154552, 2499946.687832664 1121245.5357619908, 2499946.687871704 1121245.5357733371, 2499946.687909449 1121245.5357884434, 2499946.69965095 1121245.5391968144, 2499946.711391662 1121245.542609092, 2499946.711431627 1121245.5426165576, 2499946.71147067 1121245.542627891, 2499946.7234898186 1121245.5448690015, 2499946.7355083497 1121245.547114037, 2499946.735548853 1121245.547117549, 2499946.73558882 1121245.5471250014, 2499946.747770158 1121245.548177272, 2499946.759950471 1121245.5492334405, 2499946.7599911224 1121245.5492329658, 2499946.7600316284 1121245.5492364648, 2499946.772257237 1121245.549089691, 2499946.784482635 1121245.548946892, 2499946.784523046 1121245.5489424346, 2499946.784563698 1121245.5489419466, 2499946.7967155958 1121245.5475976109, 2499946.808868583 1121245.5462571506, 2499946.8089083633 1121245.5462487536, 2499946.8089487706 1121245.5462442834, 2499946.8209104845 1121245.5437153059, 2499946.832873465 1121245.5411901202, 2499946.8329122295 1121245.541177865, 2499946.832952006 1121245.5411694553, 2499946.84460839 1121245.537480154, 2499946.8562661014 1121245.533794599, 2499947.460949835 1121245.309434591, 2499950.2375151482 1121252.785845063, 2499948.96930305 1121253.2553594767, 2499948.9692116003 1121253.2553985359, 2499948.96911679 1121253.2554285177, 2499948.957930964 1121253.2602166377, 2499948.946740995 1121253.2649960143, 2499948.9466538155 1121253.2650438487, 2499948.9465623996 1121253.2650829793, 2499948.9358996134 1121253.2709445234, 2499948.925232129 1121253.2767976176, 2499948.925150059 1121253.2768537656, 2499948.925062917 1121253.2769016693, 2499948.915025841 1121253.283780238, 2499948.904983593 1121253.2906506304, 2499948.9049074226 1121253.2907145517, 2499948.904825395 1121253.2907707666, 2499948.8955110293 1121253.298599883, 2499948.886190392 1121253.3064216406, 2499948.8861208507 1121253.3064927233, 2499948.8860447314 1121253.3065567047, 2499948.877542728 1121253.3152609626, 2499948.869033515 1121253.323958765, 2499948.8689712766 1121253.3240363207, 2499948.8689017943 1121253.3241074558, 2499948.861293866 1121253.333603181, 2499948.8536781915 1121253.3430931114, 2499948.8536238545 1121253.3431763942, 2499948.8535616794 1121253.3432539972, 2499948.846921222 1121253.353449563, 2499948.8402723023 1121253.3636404055, 2499948.840226389 1121253.3637286155, 2499948.840172121 1121253.363811937, 2499948.8345629424 1121253.374609357, 2499948.828944953 1121253.3854027658, 2499948.8289079084 1121253.385495048, 2499948.828862067 1121253.3855832906, 2499948.824338168 1121253.3968786702, 2499948.8198052323 1121253.4081706088, 2499948.819777411 1121253.4082660784, 2499948.8197404398 1121253.4083583886, 2499948.8163454193 1121253.4200429562, 2499948.812941161 1121253.4317246675, 2499948.8129228316 1121253.431822401, 2499948.8128950857 1121253.431917894, 2499948.8106617294 1121253.443878817, 2499948.808418843 1121253.4558381038, 2499948.808410181 1121253.4559371693, 2499948.8083919296 1121253.456034916, 2499948.807341726 1121253.4681568805, 2499948.8062818316 1121253.480278692, 2499948.806282921 1121253.4803781277, 2499948.8062743386 1121253.4804771943, 2499948.806417358 1121253.4926442017, 2499948.806550707 1121253.5048110557, 2499948.8065615376 1121253.5049098998, 2499948.8065627064 1121253.5050093369, 2499948.807897627 1121253.5171038664, 2499948.80922288 1121253.529198935, 2499948.809243347 1121253.5292962457, 2499948.8092542565 1121253.529395085, 2499948.8117681807 1121253.5413003457, 2499948.8142726156 1121253.5532074613, 2499948.814302522 1121253.553302296, 2499948.814323067 1121253.5533995915, 2499948.817991813 1121253.5650011399, 2499948.8216512827 1121253.5766054194, 2499948.821690341 1121253.576696867, 2499948.8217203235 1121253.5767916793, 2499951.0822203225 1121259.6677916797, 2499951.087035802 1121259.6790414224, 2499951.0918494626 1121259.690294106, 2499951.0918633984 1121259.6903194704, 2499951.0918747843 1121259.69034607, 2499951.0977696828 1121259.7010695313, 2499951.103663181 1121259.7117963205, 2499951.103679535 1121259.711820196, 2499951.103693474 1121259.7118455525, 2499951.1106113405 1121259.7219399712, 2499951.117527599 1121259.732037049, 2499951.117546214 1121259.7320592056, 2499951.1175625715 1121259.7320830745, 2499951.125436913 1121259.7414512457, 2499951.133309194 1121259.7508213622, 2499951.1333298893 1121259.7508415864, 2499951.133348509 1121259.7508637384, 2499951.1421029205 1121259.7594147294, 2499951.150855981 1121259.767968357, 2499951.150878562 1121259.7679864576, 2499951.150899261 1121259.7680066754, 2499951.1604492725 1121259.7756580978, 2499951.1699989745 1121259.7833128986, 2499951.17002322 1121259.7833286978, 2499951.170045802 1121259.7833467904, 2499951.180300434 1121259.7900257185, 2499951.190553818 1121259.7967072104, 2499951.190579493 1121259.796720556, 2499951.1906037414 1121259.7967363491, 2499951.2014634972 1121259.80237791, 2499951.212322556 1121259.808022298, 2499951.2123494186 1121259.8080330638, 2499951.2123750956 1121259.8080464029, 2499951.223735499 1121259.8125963446, 2499951.2350955443 1121259.8171491907, 2499951.2351233303 1121259.817157271, 2499951.2351501933 1121259.81716803, 2499951.246902075 1121259.820582609, 2499951.258653466 1121259.823999992, 2499951.2586819115 1121259.8240053102, 2499951.258709699 1121259.824013384, 2499951.2707394823 1121259.8262595981, 2499951.2827694463 1121259.8285087247, 2499951.282798276 1121259.828511229, 2499951.2828267207 1121259.8285165404, 2499951.295019236 1121259.829572856, 2499951.3072112342 1121259.830631967, 2499951.307240168 1121259.8306316335, 2499951.307268999 1121259.8306341313, 2499951.3195066876 1121259.8304902809, 2499951.331743443 1121259.8303492712, 2499951.331772206 1121259.8303461033, 2499951.3318011416 1121259.8303457631, 2499951.3439653255 1121259.8290031548, 2499951.356129813 1121259.82766336, 2499951.356158128 1121259.8276573878, 2499951.35618689 1121259.8276542132, 2499951.368161113 1121259.8251257266, 2499951.3801354906 1121259.8226000995, 2499951.380163082 1121259.8225913814, 2499951.380191396 1121259.8225854025, 2499951.3918600203 1121259.8188954452, 2499951.4035292882 1121259.8152082523, 2499952.6722740396 1121259.3446837538, 2499955.1247921297 1121265.9452684068, 2499954.422093856 1121266.2064741778, 2499954.4108685968 1121266.2112861462, 2499954.3996410714 1121266.2160933765, 2499954.3995939535 1121266.216119284, 2499954.399544533 1121266.2161404693, 2499954.3888450265 1121266.22202951, 2499954.378142711 1121266.2279141068, 2499954.3780983584 1121266.2279445082, 2499954.378051253 1121266.2279704353, 2499954.3679804727 1121266.2348798683, 2499954.357906505 1121266.2417851249, 2499954.357865347 1121266.2418197268, 2499954.3578210087 1121266.2418501466, 2499954.348475657 1121266.2497136772, 2499954.33912734 1121266.257572845, 2499954.339089773 1121266.2576113127, 2499954.339048628 1121266.2576459337, 2499954.330518931 1121266.2663877131, 2499954.3219860685 1121266.2751252234, 2499954.3219524524 1121266.2751671888, 2499954.3219149 1121266.275205675, 2499954.314283485 1121266.2847409605, 2499954.3066477706 1121266.2942732205, 2499954.306618428 1121266.2943182818, 2499954.306584831 1121266.2943602605, 2499954.299924761 1121266.304597677, 2499954.293260163 1121266.3148324308, 2499954.29323538 1121266.3148801476, 2499954.2932060575 1121266.3149252208, 2499954.2875813437 1121266.3257664437, 2499954.281952176 1121266.3366048578, 2499954.281932189 1121266.336654775, 2499954.2819074257 1121266.3367025044, 2499954.277372378 1121266.3480429528, 2499954.2728327103 1121266.3593808215, 2499954.272817713 1121266.3594324554, 2499954.2727977466 1121266.359482384, 2499954.2693961114 1121266.3712126806, 2499954.2659895923 1121266.3829409764, 2499954.2659797277 1121266.3829938343, 2499954.265964752 1121266.383045477, 2499954.263729396 1121266.3950520135, 2499954.2614887245 1121266.4070584257, 2499954.2614840884 1121266.4071119996, 2499954.261474247 1121266.407164858, 2499954.260426507 1121266.4193326128, 2499954.2593734534 1121266.431500905, 2499954.2593740905 1121266.4315546723, 2499954.2593694776 1121266.4316082438, 2499954.259519435 1121266.4438204053, 2499954.25966415 1121266.4560330198, 2499954.259670054 1121266.4560864663, 2499954.2596707144 1121266.4561402316, 2499954.2610169533 1121266.4682789107, 2499954.2623580145 1121266.4804185126, 2499954.262369129 1121266.4804711223, 2499954.262375056 1121266.4805245646, 2499954.264904594 1121266.4924727604, 2499954.267429103 1121266.5044225377, 2499954.267445321 1121266.504473806, 2499954.2674564575 1121266.5045264089, 2499954.2711448995 1121266.5161689948, 2499954.2748285793 1121266.5278139233, 2499957.1545285806 1121274.2850139225, 2499957.1545308298 1121274.2850191758, 2499957.154532554 1121274.2850246255, 2499957.1593592176 1121274.296296115, 2499957.164185183 1121274.3075673967, 2499957.164187937 1121274.307572405, 2499957.1641901867 1121274.3075776587, 2499957.170098463 1121274.318321878, 2499957.1760059134 1121274.329065757, 2499957.1760091446 1121274.3290704708, 2499957.1760118986 1121274.3290754792, 2499957.182944681 1121274.3391886144, 2499957.1898769313 1121274.3493019629, 2499957.1898806095 1121274.349306338, 2499957.1898838407 1121274.3493110517, 2499957.1977742948 1121274.3586957124, 2499957.205664652 1121274.3680811285, 2499957.205668741 1121274.3680851215, 2499957.2056724187 1121274.368089496, 2499957.2144455365 1121274.3766563497, 2499957.22321703 1121274.3852223998, 2499957.2232214897 1121274.3852259724, 2499957.2232255796 1121274.385229966, 2499957.2327945684 1121274.3928943842, 2499957.242365027 1121274.4005606973, 2499957.242369818 1121274.400563817, 2499957.242374277 1121274.4005673889, 2499957.2526466567 1121274.4072558195, 2499957.262924237 1121274.413948305, 2499957.26292931 1121274.4139509397, 2499957.262934099 1121274.4139540577, 2499957.273814622 1121274.419604465, 2499957.2846966647 1121274.4252562926, 2499957.2847019704 1121274.425258417, 2499957.2847070424 1121274.425261051, 2499957.2960907235 1121274.4298184586, 2499957.307472628 1121274.434375758, 2499957.3074781154 1121274.434377352, 2499957.307483422 1121274.4343794764, 2499957.3192599155 1121274.4377994111, 2499957.3310327833 1121274.441218876, 2499957.3310384005 1121274.4412199243, 2499957.3310438897 1121274.4412215184, 2499957.343098918 1121274.4434706927, 2499957.355150232 1121274.4457197434, 2499957.3551559253 1121274.445720236, 2499957.3551615444 1121274.4457212845, 2499957.3673798773 1121274.4467781063, 2499957.3795927116 1121274.4478350144, 2499957.379598425 1121274.4478349467, 2499957.3796041203 1121274.4478354394, 2499957.3918665405 1121274.4476895742, 2499957.4041248267 1121274.4475443182, 2499957.404130507 1121274.4475436907, 2499957.404136222 1121274.4475436227, 2499957.4163211337 1121274.4461969926, 2499957.4285103194 1121274.4448504539, 2499957.4285159134 1121274.444849272, 2499957.4285215917 1121274.4448486445, 2499957.440515888 1121274.442314158, 2499957.4525143444 1121274.4397793647, 2499957.452519793 1121274.439777641, 2499957.452525385 1121274.4397764595, 2499957.4642171427 1121274.436077379, 2499957.47590573 1121274.4323798886, 2499957.4759109826 1121274.4323776395, 2499957.475916433 1121274.432375915, 2499963.157579818 1121272.3228807133, 2499964.1088440525 1121274.883955596, 2499964.1136684055 1121274.8952175775, 2499964.1184920585 1121274.906481504, 2499964.118498996 1121274.9064941192, 2499964.118504665 1121274.9065073528, 2499964.1244095503 1121274.9172420455, 2499964.1303141383 1121274.9279791224, 2499964.13032228 1121274.9279909986, 2499964.1303292178 1121274.928003611, 2499964.1372581865 1121274.9381083196, 2499964.1441864264 1121274.9482144574, 2499964.1441956908 1121274.9482254756, 2499964.1442038333 1121274.9482373502, 2499964.1520903055 1121274.9576147592, 2499964.1599753257 1121274.9669926318, 2499964.1599856266 1121274.9670026903, 2499964.159994893 1121274.967013708, 2499964.168762092 1121274.9755725192, 2499964.17752878 1121274.9841328014, 2499964.177540017 1121274.9841418015, 2499964.1775503187 1121274.9841518584, 2499964.187114638 1121274.9918104622, 2499964.1966777397 1121274.999469897, 2499964.196689804 1121274.999477752, 2499964.1967010424 1121274.999486751, 2499964.2069701683 1121275.0061711308, 2499964.2172377906 1121275.0128562138, 2499964.217250567 1121275.0128628484, 2499964.217262633 1121275.0128707027, 2499964.228137375 1121275.0185162835, 2499964.2390109273 1121275.0241628347, 2499964.2390242927 1121275.0241681852, 2499964.2390370704 1121275.0241748188, 2499964.250413269 1121275.0287274865, 2499964.2617874634 1121275.0332808704, 2499964.2618012875 1121275.0332848846, 2499964.2618146553 1121275.0332902344, 2499964.273582783 1121275.0367060537, 2499964.285348048 1121275.0401225095, 2499964.2853621994 1121275.0401251495, 2499964.2853760268 1121275.040129163, 2499964.2974223276 1121275.0423750617, 2499964.3094657795 1121275.044621863, 2499964.309480121 1121275.0446231032, 2499964.3094942756 1121275.0446257421, 2499964.3217013865 1121275.045679968, 2499964.3339083917 1121275.0467355999, 2499964.333922789 1121275.0467354283, 2499964.333937131 1121275.046736667, 2499964.3461880386 1121275.0465893196, 2499964.358440488 1121275.0464433634, 2499964.358454798 1121275.0464417818, 2499964.3584691933 1121275.0464416086, 2499964.3706473806 1121275.0450940928, 2499964.382825812 1121275.0437479683, 2499964.3828398976 1121275.0437449915, 2499964.382854207 1121275.0437434083, 2499964.394842037 1121275.0412086332, 2499964.4068295187 1121275.0386753725, 2499964.406843244 1121275.0386710297, 2499964.40685733 1121275.0386680514, 2499964.4185381164 1121275.0349707436, 2499964.4302204396 1121275.0312744281, 2499973.8172204415 1121271.545874425, 2499976.4631418777 1121270.5631664637, 2499976.4631636958 1121270.5631571182, 2499976.4631863255 1121270.563149951, 2499976.4744400103 1121270.5583269394, 2499976.485693862 1121270.5535063827, 2499976.4857146596 1121270.553494943, 2499976.485736477 1121270.5534855928, 2499976.4964624494 1121270.5475831837, 2499976.5071903993 1121270.541682337, 2499976.5072099776 1121270.5416689126, 2499976.5072307712 1121270.54165747, 2499976.5173260975 1121270.5347324691, 2499976.5274244654 1121270.5278081978, 2499976.527442633 1121270.5277929192, 2499976.5274622054 1121270.5277794935, 2499976.5368303615 1121270.5198981464, 2499976.5462011956 1121270.5120175811, 2499976.5462177778 1121270.5120005962, 2499976.5462359404 1121270.511985316, 2499976.5547873382 1121270.5032227994, 2499976.563339759 1121270.4944625592, 2499976.563354594 1121270.4944440336, 2499976.5633711745 1121270.494427044, 2499976.5710227676 1121270.4848682266, 2499976.5786751034 1121270.4753121966, 2499976.5786880525 1121270.475292304, 2499976.578702886 1121270.475273773, 2499976.5853804755 1121270.4650113515, 2499976.5920595396 1121270.4547509216, 2499976.592070476 1121270.4547298562, 2499976.5920834225 1121270.45470996, 2499976.597722922 1121270.4438425181, 2499976.603364169 1121270.4329767507, 2499976.6033729888 1121270.432954714, 2499976.603383922 1121270.432933645, 2499976.6079313187 1121270.421565144, 2499976.612480121 1121270.4101993807, 2499976.6124867373 1121270.410176589, 2499976.612495554 1121270.4101545468, 2499976.615906863 1121270.3983946622, 2499976.619319605 1121270.3866381706, 2499976.619323956 1121270.3866148384, 2499976.619330569 1121270.3865920398, 2499976.621572573 1121270.3745555333, 2499976.623816753 1121270.3625200274, 2499976.6238187957 1121270.3624963784, 2499976.623823142 1121270.362473044, 2499976.6248745704 1121270.3502746972, 2499976.625928254 1121270.3380772222, 2499976.625927969 1121270.3380534896, 2499976.6259300075 1121270.3380298389, 2499976.6257807333 1121270.325787817, 2499976.625633774 1121270.3135451523, 2499976.6256311634 1121270.3135215566, 2499976.625630874 1121270.3134978253, 2499976.6242824225 1121270.301329666, 2499976.622936148 1121270.2891600754, 2499976.6229312387 1121270.2891368533, 2499976.622928624 1121270.2891132603, 2499976.620393924 1121270.2771356152, 2499976.617861357 1121270.2651568328, 2499976.617854194 1121270.2651342005, 2499976.61784928 1121270.2651109807, 2499976.614152826 1121270.2534396292, 2499976.610458273 1121270.2417665888, 2499976.610448927 1121270.2417447702, 2499976.61044176 1121270.2417221412, 2499975.658340116 1121267.6796965157, 2499981.4719535806 1121265.5201621163, 2499981.483228157 1121265.5153320162, 2499981.4944986654 1121265.5105040395, 2499981.4945017966 1121265.510502317, 2499981.4945050827 1121265.5105009093, 2499981.505248262 1121265.5045909865, 2499981.5159949497 1121265.498679534, 2499981.5159978988 1121265.4986775117, 2499981.516001029 1121265.49867579, 2499981.5261128712 1121265.4917415371, 2499981.536228719 1121265.4848049623, 2499981.5362314545 1121265.4848026622, 2499981.5362344026 1121265.4848006403, 2499981.5456174593 1121265.476908996, 2499981.5550051117 1121265.4690139445, 2499981.55500761 1121265.4690113852, 2499981.555010344 1121265.469009086, 2499981.563572521 1121265.4602379764, 2499981.5721433004 1121265.451458556, 2499981.572145535 1121265.4514557652, 2499981.572148031 1121265.4514532085, 2499981.5798122203 1121265.441881397, 2499981.587478235 1121265.4323078657, 2499981.5874801846 1121265.4323048708, 2499981.587482419 1121265.43230208, 2499981.5941696586 1121265.4220279683, 2499981.600862232 1121265.4117463047, 2499981.6008638805 1121265.4117431294, 2499981.6008658283 1121265.4117401368, 2499981.6065157815 1121265.4008562712, 2499981.6121663954 1121265.389971892, 2499981.612167722 1121265.3899685766, 2499981.6121693705 1121265.3899654013, 2499981.6167263757 1121265.378577494, 2499981.6212818613 1121265.3671943273, 2499981.6212828583 1121265.3671908928, 2499981.6212841854 1121265.3671875761, 2499981.624700679 1121265.355415966, 2499981.6281208415 1121265.343632971, 2499981.6281214966 1121265.3436294557, 2499981.6281224927 1121265.3436260244, 2499981.630369236 1121265.331573429, 2499981.6326174736 1121265.3195147316, 2499981.632617781 1121265.3195111703, 2499981.632618436 1121265.3195076569, 2499981.6336732716 1121265.3072897296, 2499981.634728452 1121265.2950718813, 2499981.6347284093 1121265.2950683075, 2499981.6347287167 1121265.2950647462, 2499981.6345809335 1121265.2828044875, 2499981.6344334474 1121265.2705398176, 2499981.634433054 1121265.2705362635, 2499981.634433011 1121265.2705326912, 2499981.6330840816 1121265.2583446635, 2499981.6317353006 1121265.2461547984, 2499981.6317345616 1121265.2461513027, 2499981.631734168 1121265.2461477488, 2499981.629197462 1121265.2341523482, 2499981.6266599963 1121265.222151664, 2499981.626658917 1121265.2221482538, 2499981.626658178 1121265.2221447595, 2499981.6229586494 1121265.2104580272, 2499981.619256412 1121265.1987615784, 2499979.754756411 1121260.1789615778, 2499979.754725021 1121260.1788883002, 2499979.7547009145 1121260.1788123092, 2499979.7498947014 1121260.167612322, 2499979.745095848 1121260.1564097998, 2499979.745057426 1121260.1563399506, 2499979.7450259877 1121260.1562666895, 2499979.7391451583 1121260.1455917815, 2499979.7332713427 1121260.1349135158, 2499979.7332262592 1121260.1348477693, 2499979.7331877914 1121260.134777942, 2499979.7262889817 1121260.1247308964, 2499979.719396771 1121260.114679746, 2499979.7193454597 1121260.1146187342, 2499979.7193003334 1121260.1145530147, 2499979.711449911 1121260.1052304907, 2499979.703605753 1121260.0959033535, 2499979.7035487103 1121260.0958476665, 2499979.703497358 1121260.095786685, 2499979.6947710034 1121260.0872785596, 2499979.6860503647 1121260.0787651648, 2499979.685988136 1121260.0787153353, 2499979.6859310563 1121260.0786596828, 2499979.67641297 1121260.0710480113, 2499979.6668996746 1121260.0634302304, 2499979.6668328615 1121260.0633867402, 2499979.666770601 1121260.0633369503, 2499979.6565521895 1121260.0566948124, 2499979.646338113 1121260.0500462335, 2499979.64626736 1121260.050009502, 2499979.6462005186 1121260.049966054, 2499979.635380212 1121260.0443574504, 2499979.6245637005 1121260.0387420696, 2499979.624489688 1121260.03871245, 2499979.6244189097 1121260.038675763, 2499979.613100947 1121260.034154734, 2499979.6017861357 1121260.0296266042, 2499979.6017095763 1121260.0296043819, 2499979.6016355427 1121260.0295748087, 2499979.5899289954 1121260.0261849198, 2499979.5782247796 1121260.0227876238, 2499979.5781464092 1121260.0227730123, 2499979.5780698345 1121260.0227508384, 2499979.566087478 1121260.0205247316, 2499979.55410654 1121260.018290992, 2499979.554027115 1121260.0182841325, 2499979.553948736 1121260.018269571, 2499979.541805837 1121260.0172286557, 2499979.52966369 1121260.0161800133, 2499979.529583976 1121260.0161809719, 2499979.529504546 1121260.016174163, 2499979.517318093 1121260.0163284724, 2499979.5051316265 1121260.0164750179, 2499979.505052389 1121260.0164837854, 2499979.5049726753 1121260.0164847947, 2499979.49286011 1121260.017832833, 2499979.480746607 1121260.0191731646, 2499979.4806686104 1121260.0191896565, 2499979.4805893796 1121260.0191984742, 2499979.4686672282 1121260.0217272695, 2499979.4567434727 1121260.0242484692, 2499979.456667469 1121260.0242725264, 2499979.456589483 1121260.0242890678, 2499979.444972458 1121260.0279743082, 2499979.4333533873 1121260.0316520531, 2499979.433280109 1121260.0316834436, 2499979.433204118 1121260.03170755, 2499978.5651649535 1121260.3547519706, 2499975.2210869845 1121251.3502130702, 2499976.046642734 1121251.192042432, 2499976.0531988107 1121251.1904492592, 2499976.0598188844 1121251.18914737, 2499976.065111709 1121251.1875543413, 2499976.0704827616 1121251.1862491376, 2499976.0768511104 1121251.1840210287, 2499976.083311699 1121251.1820765275, 2499976.088422895 1121251.1799723813, 2499976.0936401505 1121251.178147008, 2499976.099759437 1121251.1753054224, 2499976.105998326 1121251.1727370345, 2499976.9379983246 1121250.7814370322, 2499976.944134932 1121250.7781740455, 2499976.9504048643 1121250.7751752292, 2499976.954959493 1121250.7724183572, 2499976.9596602786 1121250.769918833, 2499976.965447508 1121250.766070066, 2499976.9713933133 1121250.7624711287, 2499976.975655788 1121250.7592811014, 2499976.9800889436 1121250.7563328543, 2499976.9854710605 1121250.7519353726, 2499976.9910354777 1121250.7477709744, 2499977.6990354783 1121250.1615709786, 2499977.704117918 1121250.1569241972, 2499977.709395801 1121250.152500657, 2499977.7131659 1121250.148651793, 2499977.7171421936 1121250.1450163405, 2499977.721744695 1121250.1398937688, 2499977.7265635817 1121250.1349742059, 2499977.729938272 1121250.1307743404, 2499977.7335390816 1121250.1267666493, 2499977.7376173227 1121250.1212176182, 2499977.7419308014 1121250.1158494127, 2499978.282830801 1121249.3705494122, 2499978.28649922 1121249.364934436, 2499978.2904139315 1121249.3594882987, 2499978.2932045497 1121249.3546710862, 2499978.296249466 1121249.350010459, 2499978.2993498556 1121249.3440629547, 2499978.302711903 1121249.3382593312, 2499978.305016914 1121249.3331917876, 2499978.3075903472 1121249.3282551477, 2499978.3100928515 1121249.3220323871, 2499978.312869854 1121249.3159271749, 2499978.6518698554 1121248.4617271747, 2499978.654141894 1121248.4550659785, 2499978.6566907996 1121248.4485057401, 2499978.6580996094 1121248.4434626913, 2499978.659789959 1121248.4385069006, 2499978.6613981463 1121248.4316550798, 2499978.6632917617 1121248.4248765956, 2499978.664199483 1121248.41971974, 2499978.6653959397 1121248.4146221327, 2499978.666324787 1121248.4076456788, 2499978.667544877 1121248.4007142247, 2499978.7824448776 1121247.487414226, 2499978.782960864 1121247.4806436093, 2499978.7837732127 1121247.4739021233, 2499978.7838924634 1121247.468419441, 2499978.7843091865 1121247.462951325, 2499978.7841590517 1121247.4561627377, 2499978.784306708 1121247.4493740874, 2499978.7838879875 1121247.4439061175, 2499978.783766735 1121247.4384234855, 2499978.782951925 1121247.4316823026, 2499978.782433466 1121247.424911869, 2499978.667333466 1121246.51271187, 2499978.6661024885 1121246.505733492, 2499978.6651620236 1121246.49871006, 2499978.6639727727 1121246.4936601892, 2499978.6630715276 1121246.4885510535, 2499978.6611624765 1121246.4817269337, 2499978.6595381238 1121246.4748295047, 2499978.6578596258 1121246.4699205179, 2499978.6564619374 1121246.464924321, 2499978.653893199 1121246.458320182, 2499978.651600601 1121246.4516151797, 2499978.3115005996 1121245.5965151815, 2499978.3087592134 1121245.5905002486, 2499978.306293026 1121245.5843673411, 2499978.3036749084 1121245.5793446696, 2499978.3013258963 1121245.5741906527, 2499978.2980081434 1121245.5684733852, 2499978.2949527022 1121245.5626117392, 2499978.291854886 1121245.557869877, 2499978.289012001 1121245.552970918, 2499978.285149832 1121245.5476063748, 2499978.2815345633 1121245.5420724424, 2499977.741534564 1121244.7979724403, 2499977.7371464525 1121244.7925110667, 2499977.7329922738 1121244.7868697138, 2499977.729467629 1121244.782954125, 2499977.7261678344 1121244.7788472534, 2499977.7212655446 1121244.7738422884, 2499977.71657842 1121244.7686352804, 2499977.7126869475 1121244.7650840175, 2499977.7090005027 1121244.7613203626, 2499977.70363125 1121244.7568200089, 2499977.698456316 1121244.75209749, 2499976.989356315 1121244.1660974887, 2499976.983790832 1121244.1619403625, 2499976.978407457 1121244.157549945, 2499976.9739687284 1121244.154603763, 2499976.9697004873 1121244.151415609, 2499976.963754329 1121244.1478240103, 2499976.9579665447 1121244.1439824, 2499976.9532604185 1121244.1414854785, 2499976.9487002315 1121244.1387310345, 2499976.942430665 1121244.1357395547, 2499976.936294209 1121244.132483746, 2499976.1031942107 1121243.7415837485, 2499976.0969204023 1121243.739007601, 2499976.0907657607 1121243.7361584536, 2499976.0855796416 1121243.7343508648, 2499976.0804991685 1121243.732264724, 2499976.0740030617 1121243.7303159218, 2499976.0675987927 1121243.7280837547, 2499976.0622604718 1121243.7267931986, 2499976.0569999847 1121243.7252150765, 2499976.0503441426 1121243.7239123879, 2499976.0437519215 1121243.7223186975, 2499975.1407519206 1121243.550418696, 2499975.1339327483 1121243.5494644893, 2499975.1271610167 1121243.5482173825, 2499975.1217914023 1121243.5477655511, 2499975.116454804 1121243.547018801, 2499975.1095749377 1121243.546737585, 2499975.1027135774 1121243.5461602292, 2499975.097325532 1121243.5462368878, 2499975.0919414363 1121243.5460168116, 2499975.0850671367 1121243.5464112943, 2499975.078182223 1121243.5465092496, 2499974.1601822213 1121243.604709248, 2499974.1532976255 1121243.6054863613, 2499974.1463861084 1121243.6059685112, 2499974.141115339 1121243.6068614626, 2499974.135803202 1121243.6074610814, 2499974.129027931 1121243.6089092602))",Solar thermal installation for multiple buildings,Not documented,0.0,28051.38760199998,0.0,12.931002000000001,0.0,617919,2391452,1478562,912890,3590.865224315836,967.4924637800304,309.2547090804461,5094.900000000001,2.6997509332191783,18.0,15.5,12.0,17.0,65.0,50.0,60.0,15.0,236.144578313253,1021.5439384573644,2328.997616896116,2328.984728047132,1261.8804962687038,20.0,7.4,1.0,"['existing', 'existing', 'existing']",Oil,Electricity,Central electrical boiler,I,0.08683896932663208,120.29999999999961,8232.0,0.00181,2.0,12.55,152.91919941845362,152.91817241853457,1261.8804962687038,21680.433734939757,6174.0,6634,10012,22516
1024169,<1919,Other,1636.8000000000002,True,2499927.139901115,1121532.1847535102,447.12350645729555,9995,True,False,,"POLYGON ((2499906.9457408194 1121509.622345782, 2499906.9370324346 1121509.630954423, 2499906.93701887 1121509.6309707589, 2499906.937003769 1121509.630985692, 2499906.9291821923 1121509.6404084025, 2499906.921359358 1121509.6498293756, 2499906.921347458 1121509.6498469647, 2499906.9213338955 1121509.6498633036, 2499906.9144742903 1121509.6600062232, 2499906.90761182 1121509.67014967, 2499906.9076017006 1121509.670168342, 2499906.907589806 1121509.6701859306, 2499906.901757418 1121509.6809523553, 2499906.8959222175 1121509.6917196112, 2499906.8959139776 1121509.691739184, 2499906.8959038635 1121509.6917578548, 2499906.8911548983 1121509.7030440064, 2499906.8864031276 1121509.7143314686, 2499906.8863968453 1121509.7143517565, 2499906.8863886106 1121509.714371327, 2499906.8827689616 1121509.7260679274, 2499906.8791462244 1121509.7377674775, 2499906.8791419608 1121509.7377882844, 2499906.879135684 1121509.7378085672, 2499906.876679699 1121509.7498047715, 2499906.8742213957 1121509.761801937, 2499906.8742191927 1121509.7618230567, 2499906.8742149333 1121509.7618438618, 2499906.8729465185 1121509.774023889, 2499906.8716760706 1121509.7862033811, 2499906.871675948 1121509.786224617, 2499906.871673749 1121509.7862457375, 2499906.8716052915 1121509.798491714, 2499906.8715347615 1121509.8107368113, 2499906.871536721 1121509.810757954, 2499906.8715366023 1121509.8107791913, 2499906.872668816 1121509.822973182, 2499906.8737988295 1121509.835165957, 2499906.8738028524 1121509.8351868077, 2499906.8738048156 1121509.8352079527, 2499906.87612688 1121509.8472326782, 2499906.8784464705 1121509.8592555523, 2499906.8784525166 1121509.8592759052, 2499906.8784565437 1121509.859296759, 2499906.8819460943 1121509.8710361104, 2499906.8854329246 1121509.8827736012, 2499906.8854409377 1121509.8827932659, 2499906.8854469885 1121509.882813622, 2499906.890069821 1121509.894153003, 2499906.8946909094 1121509.905493612, 2499906.8947008126 1121509.9055123988, 2499906.8947088285 1121509.9055320614, 2499906.900420426 1121509.916362912, 2499906.9061312648 1121509.9271967784, 2499906.9061429617 1121509.9272145045, 2499906.9061528663 1121509.9272332862, 2499921.9101289967 1121535.2801879009, 2499918.0729310764 1121537.551101784, 2499906.0163000003 1121544.6862999983, 2499907.1812000014 1121546.6550999992, 2499903.4814999998 1121548.8443000019, 2499899.1099999994 1121551.4312999994, 2499904.754999999 1121560.9712999985, 2499904.968734937 1121560.8448058963, 2499904.970709764 1121560.8437646606, 2499904.970718761 1121560.8437587225, 2499904.970728296 1121560.843753694, 2499917.717428296 1121553.2999536928, 2499917.7198940995 1121553.2983259074, 2499917.932500001 1121553.1724999994, 2499917.805322659 1121552.9576109876, 2499917.805320556 1121552.9576069934, 2499916.9614513554 1121551.5298081185, 2499937.9926207485 1121539.0840581623, 2499938.001271401 1121539.078347922, 2499938.2074999996 1121538.9563000016, 2499938.0477361474 1121538.6862885, 2499932.3703685924 1121529.0893191192, 2499928.7664650953 1121523.001127962, 2499928.1400000006 1121521.942499999, 2499927.7848597174 1121522.152604929, 2499925.7524530925 1121518.7179463343, 2499930.344999999 1121516, 2499921.2063000016 1121500.557500001, 2499909.6675000004 1121507.3863000013, 2499909.9379137247 1121507.8432012594, 2499906.9940116624 1121509.5847394296, 2499906.993993938 1121509.5847511257, 2499906.9939751546 1121509.584761031, 2499906.9837555145 1121509.5915072479, 2499906.9735343535 1121509.5982519789, 2499906.9735178608 1121509.598265356, 2499906.9735001386 1121509.5982770547, 2499906.9639908597 1121509.605992563, 2499906.95448011 1121509.6137065887, 2499906.9544650083 1121509.6137215178, 2499906.954448518 1121509.6137348975, 2499906.9457408194 1121509.622345782))",Solar thermal installation for multiple buildings,Not documented,0.0,126907.56281280071,0.0,54.85898879999999,0.0,617902,1518597,1075487,443110,1905.3219039816986,14221.402997198878,4545.8088938814335,0.0,0.0,18.0,16.4,12.0,17.0,65.0,50.0,60.0,15.0,1314.698795180723,865.5596129110548,1758.1,918.3134644665561,987.0084395151424,18.0,81.8,1.0,"['existing', 'existing', 'existing', 'existing', 'existing', 'existing']",Gas,Electricity,Central electrical boiler,XI,0.023200935579844113,109.15000000000502,9820.800000000001,0.0013299999999999998,2.0,10.051974020002012,174.89857170913874,174.89993896245542,987.0084395151424,111552.19277108434,135854.40000000002,6634,10012,22531
2042184,1919-1945,Residential,650.07,True,2499880.1657486446,1121505.6787,451.8585309704213,9995,True,False,,"POLYGON ((2499879.8467038404 1121494.4657758668, 2499879.8467012523 1121494.4657844761, 2499879.8466978334 1121494.4657927908, 2499879.8431695276 1121494.4775328974, 2499879.8396408884 1121494.489271055, 2499879.839639157 1121494.4892798753, 2499879.839636569 1121494.4892884865, 2499879.8372758217 1121494.5013187267, 2499879.8349148775 1121494.513345398, 2499879.834914019 1121494.513354346, 2499879.8349122875 1121494.5133631688, 2499879.8337423275 1121494.5255642696, 2499879.832571322 1121494.5377670464, 2499879.8325713445 1121494.5377760387, 2499879.8325704867 1121494.5377849857, 2499879.8326020776 1121494.55004221, 2499879.8326327917 1121494.5623008066, 2499879.832633695 1121494.5623097501, 2499879.8326337184 1121494.5623187413, 2499879.833866954 1121494.5745175907, 2499879.8350986945 1121494.5867104048, 2499879.8351004696 1121494.5867192145, 2499879.8351013744 1121494.5867281624, 2499879.8375240644 1121494.5987458862, 2499879.839945282 1121494.6107607638, 2499879.8399479133 1121494.6107693613, 2499879.83994969 1121494.610778173, 2499879.843538641 1121494.6225005125, 2499879.8471258795 1121494.6342202646, 2499879.8471293394 1121494.6342285587, 2499879.847131972 1121494.634237158, 2499879.8518535523 1121494.645553479, 2499879.8565713335 1121494.6568629802, 2499879.85657559 1121494.656870896, 2499879.8565790528 1121494.656879195, 2499879.8623856795 1121494.6676756046, 2499879.8681906792 1121494.6784708484, 2499879.868195693 1121494.6784783115, 2499879.868199951 1121494.6784862285, 2499879.87503608 1121494.688660355, 2499879.881872016 1121494.6988357739, 2499880.968724954 1121496.1566393175, 2499864.6862999983 1121508.289999999, 2499869.482500002 1121514.7263000011, 2499874.6374999993 1121521.6424999982, 2499891.5025000013 1121509.0749999993, 2499890.103100002 1121507.1974, 2499894.1788000017 1121504.1600000001, 2499890.024326944 1121498.5853724864, 2499890.033572188 1121498.5777457738, 2499890.0430127205 1121498.5699619593, 2499890.043034977 1121498.569939601, 2499890.0430593123 1121498.5699195259, 2499890.0516892453 1121498.56124569, 2499890.060321076 1121498.5525743202, 2499890.0603410327 1121498.552549889, 2499890.0603632843 1121498.5525275243, 2499890.0681015025 1121498.5430495432, 2499890.0758418003 1121498.533573892, 2499890.0758592673 1121498.5335476212, 2499890.0758792185 1121498.5335231842, 2499890.0826508356 1121498.5233328685, 2499890.089425421 1121498.5131436586, 2499890.0894402293 1121498.513115801, 2499890.0894576884 1121498.5130895276, 2499890.095197934 1121498.5022844311, 2499890.1009411192 1121498.4914803752, 2499890.100953125 1121498.4914512024, 2499890.100967926 1121498.491423342, 2499890.1056216657 1121498.4801070977, 2499890.110277993 1121498.4687926704, 2499890.1102870815 1121498.4687624616, 2499890.1102990806 1121498.4687332842, 2499890.1138210716 1121498.4570158962, 2499890.117346124 1121498.4452990394, 2499890.117352208 1121498.4452680822, 2499890.1173612885 1121498.4452378722, 2499890.1197176776 1121498.4332323924, 2499890.122077441 1121498.4212257387, 2499890.1220804616 1121498.4211943338, 2499890.122086537 1121498.4211633797, 2499890.1232549176 1121498.4089839032, 2499890.124426379 1121498.3968046075, 2499890.1244263067 1121498.3967730624, 2499890.1244293195 1121498.396741657, 2499890.1243982767 1121498.384506418, 2499890.1243703174 1121498.3722708344, 2499890.1243671533 1121498.372239443, 2499890.124367073 1121498.3722078989, 2499890.123136955 1121498.3600349952, 2499890.121909795 1121498.347860693, 2499890.1219035694 1121498.3478297663, 2499890.121900398 1121498.3477983787, 2499890.119482862 1121498.3358037318, 2499890.1170685086 1121498.3238092666, 2499890.1170592825 1121498.3237791006, 2499890.117053049 1121498.3237481734, 2499890.1134714507 1121498.3120481705, 2499890.109893082 1121498.3003481834, 2499890.1098809433 1121498.3003190658, 2499890.109871709 1121498.3002888996, 2499890.1051607584 1121498.2889967784, 2499890.1004526196 1121498.2777033865, 2499890.1004376845 1121498.2776755975, 2499890.100425538 1121498.2776464832, 2499890.094630428 1121498.266870449, 2499890.0888380366 1121498.2560929577, 2499890.0888204505 1121498.256066768, 2499890.0888055083 1121498.256038983, 2499890.081981964 1121498.2458827044, 2499890.075161189 1121498.2357250173, 2499884.74006119 1121491.076425018, 2499884.740037923 1121491.076396799, 2499884.740017524 1121491.0763664392, 2499884.732234502 1121491.066932487, 2499884.724453793 1121491.0574957202, 2499884.724427869 1121491.0574699144, 2499884.724404595 1121491.0574417035, 2499884.715734259 1121491.0488159456, 2499884.7070661536 1121491.0401873647, 2499884.707037829 1121491.0401642274, 2499884.7070118985 1121491.0401384302, 2499884.6975374445 1121491.0324037261, 2499884.6880657254 1121491.0246666402, 2499884.688035268 1121491.0246463895, 2499884.6880069347 1121491.0246232592, 2499884.677820063 1121491.0178545208, 2499884.667635492 1121491.01108302, 2499884.667603197 1121491.0110658526, 2499884.6675727325 1121491.0110456103, 2499884.6567711937 1121491.0053078113, 2499884.6459722086 1121490.9995673215, 2499884.6459383876 1121490.9995534027, 2499884.6459060847 1121490.9995362435, 2499884.634594157 1121490.9948848102, 2499884.623284504 1121490.9902304474, 2499884.62324948 1121490.9902199104, 2499884.623215652 1121490.9902060004, 2499884.6115029054 1121490.9866859175, 2499884.599790873 1121490.9831623167, 2499884.599754982 1121490.983155263, 2499884.5997199565 1121490.9831447364, 2499884.587719007 1121490.980789737, 2499884.575717572 1121490.9784309997, 2499884.575681163 1121490.9784274977, 2499884.575645274 1121490.978420455, 2499884.5634708 1121490.977253048, 2499884.551296441 1121490.9760820614, 2499884.551259867 1121490.976082145, 2499884.5512234573 1121490.9760786537, 2499884.5389930643 1121490.9761101757, 2499884.5267626676 1121490.9761381233, 2499884.5267262757 1121490.9761417916, 2499884.5266897017 1121490.9761418859, 2499884.514521887 1121490.977371984, 2499884.5023525264 1121490.9785986454, 2499884.502316668 1121490.9786058634, 2499884.5022802805 1121490.978609542, 2499884.490291539 1121490.981026389, 2499884.4783011 1121490.9834399319, 2499884.478266123 1121490.9834506293, 2499884.47823027 1121490.983457857, 2499884.4665360926 1121490.9870381863, 2499884.454840017 1121490.990615358, 2499884.454806256 1121490.9906294327, 2499884.454771285 1121490.9906401397, 2499884.4434839985 1121490.9953496056, 2499884.43219522 1121491.0000558211, 2499884.4321630043 1121491.0000731356, 2499884.432129248 1121491.00008722, 2499884.4213575157 1121491.0058805742, 2499884.410584791 1121491.0116704039, 2499884.410554427 1121491.0116907929, 2499884.410522214 1121491.011708118, 2499884.400370433 1121491.0185292328, 2499884.3902168507 1121491.0253472517, 2499884.39018863 1121491.0253705198, 2499884.390158272 1121491.025390918, 2499879.932858272 1121494.348990919, 2499879.9234017017 1121494.3567926004, 2499879.913946812 1121494.3645917538, 2499879.913940473 1121494.364598125, 2499879.913933536 1121494.3646038477, 2499879.9052859815 1121494.373296093, 2499879.8966422896 1121494.3819832075, 2499879.896636605 1121494.3819901696, 2499879.896630263 1121494.3819965445, 2499879.888877631 1121494.3914929584, 2499879.8811257533 1121494.4009870563, 2499879.881120777 1121494.4009945442, 2499879.881115092 1121494.401001508, 2499879.8743310426 1121494.4112114229, 2499879.8675466366 1121494.4214202831, 2499879.867542419 1121494.4214282217, 2499879.867537443 1121494.4214357103, 2499879.8617858863 1121494.432263148, 2499879.8560357136 1121494.4430861045, 2499879.856032295 1121494.4430944165, 2499879.8560280763 1121494.4431023584, 2499879.8513656626 1121494.454440989, 2499879.8467038404 1121494.4657758668))",Solar thermal installation for multiple buildings,Not documented,0.0,69221.3297020201,0.0,31.90933602,0.0,617899,894185,577591,316594,1138.3518629055188,2131.098264807351,681.1961835133046,11222.550000000001,5.9467486772260285,18.0,15.499999999999998,12.0,17.0,65.0,50.0,60.0,15.0,522.144578313253,298.85577730370846,649.4269875284061,649.4253407261717,488.9265221793471,20.0,16.3,1.0,"['existing', 'existing', 'existing']",Gas,Gas,Boiler,I,0.09724222860767734,120.29999999999983,18201.960000000003,0.00202,3.0,9.586096220317154,90.32125173577893,90.32107994507325,488.9265221793471,47938.09373493976,13651.470000000001,6634,10012,22516
295084228/295098608,<1919,Education/Tourism,507.78000000000003,True,2499888.348500902,1121063.770140173,450.25000000000006,9995,True,False,,"POLYGON ((2499881.422782109 1121065.140768536, 2499880.646299999 1121065.3850000016, 2499881.061435912 1121066.7047234292, 2499882.3031099257 1121070.6539911379, 2499883.449737921 1121074.2966433133, 2499884.3801000006 1121077.253800001, 2499885.2912999988 1121080.1499999985, 2499893.723379457 1121077.4967996639, 2499895.0045192265 1121077.0937871502, 2499895.0045488663 1121077.0937762011, 2499895.0045794356 1121077.0937682018, 2499895.0064904206 1121077.0930617182, 2499895.2424999997 1121077.0188000016, 2499895.1705014915 1121076.7899391993, 2499895.167978933 1121076.7802892646, 2499895.167967985 1121076.7802596272, 2499895.167959985 1121076.7802290556, 2499894.844900118 1121075.7541565138, 2499894.844828456 1121075.753928056, 2499896.078899998 1121075.3652999997, 2499896.600017268 1121075.2012999407, 2499901.2294251323 1121073.7448852956, 2499901.2294421424 1121073.7448790115, 2499901.229459687 1121073.744874422, 2499901.229719395 1121073.7447784336, 2499901.467500001 1121073.6700000018, 2499901.395015019 1121073.4395611435, 2499901.392877075 1121073.4313833618, 2499901.3928707903 1121073.4313663512, 2499901.3928662012 1121073.4313488072, 2499900.735438253 1121071.342683809, 2499899.6950000003 1121068.0350000001, 2499899.461375702 1121068.1085943696, 2499899.4558405895 1121068.1100422891, 2499899.455781035 1121068.1100643005, 2499899.455719619 1121068.1100803996, 2499898.489170228 1121068.4148503952, 2499897.286200002 1121068.7938, 2499896.7228000015 1121067.003800001, 2499895.2740785745 1121062.3995118102, 2499894.8647118476 1121061.0978939112, 2499894.864666009 1121061.0977477778, 2499896.057500001 1121060.7225000001, 2499895.9844692415 1121060.4903366596, 2499895.9826838584 1121060.4835049226, 2499895.982677317 1121060.4834872116, 2499895.9826725395 1121060.4834689416, 2499894.847259137 1121056.8751682206, 2499893.655000001 1121053.085000001, 2499891.289999999 1121045.567499999, 2499876.708799999 1121050.1550000012, 2499878.453084482 1121055.6994645193, 2499881.422782109 1121065.140768536))",Not documented,Not documented,,,,,,617884,759181,569619,189562,914.9692114784199,,,,,,,12.0,17.0,65.0,50.0,60.0,15.0,407.855421686747,454.5901065133938,1337.4,381.5290315127253,533.4401799656946,,101.6,1.0/nan,"['existing', 'existing', 'existing', 'existing', 'existing', 'existing', 'existing', 'existing', 'existing', 'existing']",Other,Other,Not documented,VII/I,,,8632.26,,,,97.62398258497637,97.62468076772504,533.4401799656946,40137.052048192774,7108.92,6634,10012,22516
1024159/1024165/1024174,<1919,Residential,602.02,True,2499741.2138594356,1121283.929299999,454.36613556256646,9995,True,False,,"POLYGON ((2499761.8625000007 1121297.9787999988, 2499761.2104 1121297.2621, 2499768.432500001 1121290.691300001, 2499766.298799999 1121288.3449999988, 2499764.317499999 1121286.1675000004, 2499757.094999999 1121292.7386999987, 2499755.2300000004 1121290.6887999997, 2499753.6570000015 1121292.1198000014, 2499743.3313999996 1121280.7712000012, 2499744.8438359434 1121279.3951823656, 2499748.992789427 1121282.5398462901, 2499749.002915692 1121282.5467662679, 2499749.013036981 1121282.5536834258, 2499749.013041274 1121282.5536857785, 2499749.01304532 1121282.5536885432, 2499749.0238014697 1121282.559582854, 2499749.034551653 1121282.565474442, 2499749.034556158 1121282.5654763633, 2499749.034560453 1121282.5654787172, 2499749.0458404114 1121282.5702894449, 2499749.0571184475 1121282.5750998743, 2499749.057123119 1121282.5751013448, 2499749.0571276243 1121282.5751032664, 2499749.0688216877 1121282.57878422, 2499749.080520034 1121282.5824670251, 2499749.080524829 1121282.5824680314, 2499749.0805294993 1121282.5824695013, 2499749.092526863 1121282.5849862627, 2499749.1045310427 1121282.5875049445, 2499749.1045359126 1121282.5875054756, 2499749.1045407047 1121282.587506481, 2499749.116731306 1121282.5888356476, 2499749.1289202343 1121282.5901651143, 2499749.12892513 1121282.5901651655, 2499749.1289300006 1121282.5901656966, 2499749.1411944497 1121282.5902935986, 2499749.1534527275 1121282.590421916, 2499749.1534576057 1121282.590421487, 2499749.1534625036 1121282.590421538, 2499749.165678094 1121282.5893469038, 2499749.1778922607 1121282.5882728763, 2499749.177897074 1121282.5882719713, 2499749.177901953 1121282.588271542, 2499749.1899524215 1121282.586004927, 2499749.2020034683 1121282.5837386916, 2499749.20200817 1121282.5837373189, 2499749.202012983 1121282.5837364136, 2499749.21378081 1121282.5803002755, 2499749.2255541463 1121282.5768630288, 2499749.225558692 1121282.5768612013, 2499749.225563392 1121282.576859829, 2499749.236936623 1121282.5722872422, 2499749.248317488 1121282.567712104, 2499749.2483218326 1121282.56770984, 2499749.2483263756 1121282.5677080133, 2499749.259199141 1121282.562041375, 2499749.270074271 1121282.5563740456, 2499749.2700783713 1121282.5563713675, 2499749.270082715 1121282.5563691037, 2499749.280349774 1121282.549662678, 2499749.290614965 1121282.5429580454, 2499749.290618783 1121282.5429549785, 2499749.290622884 1121282.5429522996, 2499749.3001816454 1121282.5352730355, 2499749.3097417518 1121282.527593307, 2499749.309745252 1121282.5275898792, 2499749.309749069 1121282.5275868126, 2499749.318506233 1121282.5190104153, 2499749.3272704305 1121282.510427801, 2499749.3272735784 1121282.5104240458, 2499749.327277076 1121282.5104206207, 2499749.3351510684 1121282.5010276092, 2499749.3430321896 1121282.4916268406, 2499750.616932188 1121280.811026842, 2499750.6169386865 1121280.8110173335, 2499750.616946083 1121280.8110085092, 2499750.6238601934 1121280.800889681, 2499750.6307752337 1121280.790771491, 2499750.6307807676 1121280.7907613935, 2499750.630787265 1121280.7907518845, 2499750.6366772014 1121280.7800023684, 2499750.6425662497 1121280.769256819, 2499750.6425707666 1121280.7692462287, 2499750.6425763015 1121280.7692361276, 2499750.6473839516 1121280.757961733, 2499750.6521916823 1121280.7466900244, 2499750.6521951403 1121280.74667904, 2499750.652199657 1121280.7466684475, 2499750.655878772 1121280.7349780675, 2499750.659558833 1121280.7232884378, 2499750.6595611977 1121280.7232771683, 2499750.659564655 1121280.7232661832, 2499750.6620806227 1121280.7112694443, 2499750.6645967523 1121280.6992774291, 2499750.6645980007 1121280.699265985, 2499750.664600365 1121280.6992547112, 2499750.665928286 1121280.6870695523, 2499750.6672569225 1121280.6748882378, 2499750.667257043 1121280.6748767227, 2499750.6672582906 1121280.674865275, 2499750.66738546 1121280.6626089267, 2499750.667513724 1121280.6503557446, 2499750.6675127153 1121280.650344276, 2499750.667512835 1121280.6503327582, 2499750.666438098 1121280.6381234, 2499750.6653646845 1121280.6259162112, 2499750.665362556 1121280.625904893, 2499750.6653615464 1121280.6258934226, 2499750.663095469 1121280.613849319, 2499750.6608304996 1121280.6018050036, 2499750.6608272726 1121280.6017939502, 2499750.660825143 1121280.6017826323, 2499750.65738886 1121280.5900166212, 2499750.6539548365 1121280.5782543258, 2499750.6539505427 1121280.578243644, 2499750.6539473133 1121280.5782325873, 2499750.6493748664 1121280.566861441, 2499750.644803912 1121280.5554909837, 2499750.6447985894 1121280.5554807698, 2499750.6447942937 1121280.5554700873, 2499750.639130396 1121280.544603982, 2499750.6334658535 1121280.5337342008, 2499750.6334595555 1121280.533724558, 2499750.6334542334 1121280.5337143478, 2499750.62675146 1121280.5234540652, 2499750.6200498533 1121280.513193507, 2499750.6200426426 1121280.5131845307, 2499750.6200363436 1121280.5131748884, 2499750.6123584863 1121280.503618913, 2499750.6046851147 1121280.4940667201, 2499750.60467706 1121280.4940584952, 2499750.604669845 1121280.4940495153, 2499750.596092869 1121280.485292687, 2499750.587519609 1121280.4765380416, 2499750.5875107846 1121280.4765306436, 2499750.5875027264 1121280.4765224166, 2499750.57811135 1121280.468650641, 2499750.5687186485 1121280.4607762822, 2499750.568709139 1121280.460769783, 2499750.5687003154 1121280.4607623874, 2499747.623603578 1121278.228796613, 2499756.8662 1121274.7243000008, 2499762.9813 1121282.736299999, 2499763.278121574 1121282.339233517, 2499763.2797643226 1121282.339691864, 2499763.2881813142 1121282.342293519, 2499763.2915741857 1121282.3429869614, 2499763.29490979 1121282.343917636, 2499763.3035867848 1121282.3454421214, 2499763.3122182516 1121282.347206239, 2499763.3156627524 1121282.3475637822, 2499763.319073519 1121282.3481630294, 2499763.32785816 1121282.3488296801, 2499763.3366209753 1121282.349739271, 2499763.340083935 1121282.3497574725, 2499763.3435370144 1121282.3500195206, 2499763.3523446945 1121282.3498219159, 2499763.3611544734 1121282.3498682207, 2499763.3646025443 1121282.349546905, 2499763.368064679 1121282.3494692303, 2499763.376810578 1121282.3484092737, 2499763.3855824755 1121282.347591846, 2499763.3889824473 1121282.3469341076, 2499763.392420299 1121282.3465174583, 2499763.4010201916 1121282.3446053574, 2499763.409669726 1121282.34293207, 2499763.412988857 1121282.341944243, 2499763.4163693152 1121282.3411926317, 2499763.424740377 1121282.3384468018, 2499763.4331842526 1121282.3359337684, 2499763.4363905773 1121282.3346253666, 2499763.4396810867 1121282.3335460315, 2499763.4477427024 1121282.3299929153, 2499763.455899596 1121282.326664339, 2499763.4589622347 1121282.325047963, 2499763.462131107 1121282.3236512986, 2499763.469805639 1121282.3193251144, 2499763.4775969964 1121282.3152130514, 2499763.4804864554 1121282.3133042674, 2499763.4835031712 1121282.3116037247, 2499763.490716705 1121282.3065461386, 2499763.4980674954 1121282.3016901878, 2499763.500755948 1121282.2995073781, 2499763.5035914546 1121282.2975193346, 2499763.510274522 1121282.2917790532, 2499763.517113951 1121282.2862259806, 2499763.519575506 1121282.2837901667, 2499763.5222024955 1121282.2815337686, 2499763.5282907374 1121282.2751660715, 2499763.534552935 1121282.2689693589, 2499763.536763883 1121282.266304002, 2499763.53915706 1121282.2638009766, 2499763.5445918464 1121282.2568671838, 2499763.550216501 1121282.2500865129, 2499766.8499165005 1121277.8494865124, 2499766.854129447 1121277.8432525734, 2499766.858576084 1121277.8371831276, 2499766.860994164 1121277.8330947836, 2499766.8636537995 1121277.8291592947, 2499766.867235426 1121277.8225424343, 2499766.8710657423 1121277.8160663664, 2499766.873071452 1121277.8117606926, 2499766.875332534 1121277.8075834673, 2499766.8782483456 1121277.8006474138, 2499766.881425455 1121277.7938270876, 2499766.8829994774 1121277.7893455517, 2499766.8848402314 1121277.7849668174, 2499766.8870621505 1121277.7777783633, 2499766.8895554524 1121277.7706794676, 2499766.890682629 1121277.7660652283, 2499766.892085327 1121277.7615271553, 2499766.8935919553 1121277.7541555294, 2499766.8953774376 1121277.7468464307, 2499766.8960469114 1121277.7421439304, 2499766.896998047 1121277.7374902181, 2499766.8977748747 1121277.730006415, 2499766.898835343 1121277.7225575019, 2499766.8990406673 1121277.7178120227, 2499766.899531079 1121277.7130874947, 2499766.8995706253 1121277.7055635848, 2499766.8998958655 1121277.6980465972, 2499766.899635063 1121277.6933038454, 2499766.8996600285 1121277.6885539964, 2499766.898961912 1121277.6810624355, 2499766.8985487926 1121277.6735497694, 2499766.897824376 1121277.6688554224, 2499766.897383654 1121277.6641259943, 2499766.895954597 1121277.6567389308, 2499766.8948070975 1121277.649302937, 2499766.8936260426 1121277.6447022005, 2499766.892723878 1121277.6400387434, 2499766.8905776427 1121277.6328273222, 2499766.8887068145 1121277.62553961, 2499766.8870804957 1121277.6210767906, 2499766.8857255764 1121277.6165242172, 2499766.8828828344 1121277.6095578915, 2499766.880306693 1121277.602488642, 2499766.878250771 1121277.5982067173, 2499766.876456147 1121277.5938088736, 2499766.8729442754 1121277.5871547319, 2499766.86968763 1121277.580372027, 2499766.867221906 1121277.5763122358, 2499766.8650048594 1121277.5721114732, 2499766.8608576795 1121277.5658335988, 2499766.8569518933 1121277.5594027594, 2499766.8541206317 1121277.5556315312, 2499768.0749999993 1121275.9224999994, 2499763.2912999988 1121269.6563000008, 2499761.4549000002 1121271.1889000013, 2499761.415100001 1121271.0839999989, 2499760.344999999 1121268.2613000013, 2499758.6675000004 1121263.8387999982, 2499740.7974999994 1121270.6149999984, 2499742.4738 1121275.0375000015, 2499743.4351000004 1121277.5731999986, 2499738.1963 1121271.8150000013, 2499731.0863000005 1121278.2824999988, 2499737.870000001 1121285.7399999984, 2499738.5489000008 1121285.122299999, 2499748.874400001 1121296.4708000012, 2499747.8213 1121297.4288000017, 2499754.4538000003 1121304.7188000008, 2499761.8625000007 1121297.9787999988))",Solar thermal installation for multiple buildings/Wood stove,Not documented,0.0,57440.46382365995,0.0,26.47864566,0.0,617834,1429084,849913,579171,1855.5874972149359,1685.1448415299049,538.6491339577314,7573.5,4.013143279109589,18.0,15.500000000000002,12.0,17.0,65.0,50.0,60.0,15.0,483.5502008032128,462.52067980559605,4333.2,1121.0295405957427,734.5579566191932,20.0,11.0,0.46343975283213185/0.3305870236869207/0.2059732234809475,"['existing', 'existing', 'existing', 'existing', 'existing', 'existing', 'existing']",Oil/Gas,Gas/Electricity,Boiler/Central electrical boiler,II/II/I,0.08521580903625851,119.58537590113096,13988.44,0.00181,2.0,7.563363157180178,190.97525856032308,192.74596880269206,734.5579566191932,67431.8523694779,9296.28,6634,10012,22516
2042190/1024720/2042191,1991-2000,Residential,2037.0,True,2499773.504021755,1121187.9163000006,457.8765045143564,9995,True,False,,"POLYGON ((2499749.3940920318 1121163.6600558038, 2499749.388558836 1121163.657564735, 2499749.3831560574 1121163.654802176, 2499749.37737996 1121163.6525319566, 2499749.371720809 1121163.6499841823, 2499749.3659700896 1121163.6480474568, 2499749.360322549 1121163.645827765, 2499749.3543517445 1121163.6441346342, 2499749.3484701184 1121163.642153822, 2499749.342557255 1121163.6407900907, 2499749.3367193434 1121163.6391346438, 2499749.330611338 1121163.6380349074, 2499749.3245638767 1121163.6366401329, 2499749.318545816 1121163.6358625302, 2499749.3125737538 1121163.6347872703, 2499749.3063873644 1121163.6342915187, 2499749.300232314 1121163.6334962153, 2499749.2941670166 1121163.6333122302, 2499749.2881183145 1121163.6328275122, 2499749.281913119 1121163.6329405198, 2499749.275709756 1121163.6327523468, 2499749.2696556323 1121163.6331637506, 2499749.263588545 1121163.6332742432, 2499749.257424308 1121163.633994922, 2499749.25123237 1121163.634415691, 2499749.245247719 1121163.6354185224, 2499749.23922068 1121163.636123161, 2499749.233156768 1121163.6374445697, 2499749.2270358847 1121163.6384702292, 2499749.2211783463 1121163.6400548301, 2499749.215249396 1121163.6413468288, 2499749.209344202 1121163.6432562424, 2499749.203353327 1121163.644876914, 2499749.197679312 1121163.6470280238, 2499749.1919055493 1121163.64889494, 2499749.1862159455 1121163.6513739696, 2499749.1804127716 1121163.6535740457, 2499749.174976926 1121163.6562709473, 2499749.1694139536 1121163.658694802, 2499749.1639947346 1121163.661719573, 2499749.1584351496 1121163.6644778657, 2499749.1532898205 1121163.6676945877, 2499749.147991216 1121163.670652037, 2499749.14289457 1121163.6741934202, 2499749.137632117 1121163.6774833647, 2499749.1328268605 1121163.6811889259, 2499749.127843648 1121163.68465149, 2499749.1231186595 1121163.6886753796, 2499749.1182040186 1121163.6924652923, 2499749.113785107 1121163.6966240094, 2499749.109165283 1121163.700558339, 2499749.10485746 1121163.7050259789, 2499749.100337957 1121163.7092793644, 2499749.096347947 1121163.7138511878, 2499749.092136003 1121163.718219392, 2499749.088286827 1121163.723087762, 2499749.0842059935 1121163.7277636526, 2499749.080683318 1121163.7327045447, 2499749.0769198094 1121163.7374645635, 2499749.07356635 1121163.7426867783, 2499749.0699634864 1121163.7477401425, 2499749.0669420636 1121163.7530025293, 2499749.0636632433 1121163.7581085118, 2499749.0608378006 1121163.7636342724, 2499749.057747599 1121163.7690164503, 2499749.0552565297 1121163.774549648, 2499749.0524939713 1121163.7799524248, 2499749.0502237524 1121163.785728522, 2499749.047675978 1121163.791387673, 2499745.9781759786 1121171.6137876746, 2499745.976643559 1121171.618337888, 2499745.974842032 1121171.6227884218, 2499745.9727306277 1121171.6299565558, 2499745.9703456177 1121171.6370383655, 2499745.9692665753 1121171.641716875, 2499745.9679099526 1121171.6463225554, 2499745.9665113157 1121171.653663124, 2499745.9648319287 1121171.660944607, 2499745.964216656 1121171.6657063547, 2499745.963318002 1121171.6704228283, 2499745.962645601 1121171.6778651434, 2499745.9616880114 1121171.68527617, 2499745.9615424345 1121171.6900752916, 2499745.9611104024 1121171.6948571417, 2499745.961170714 1121171.7023295271, 2499745.9609441427 1121171.7097987274, 2499745.961269663 1121171.7145890107, 2499745.9613084146 1121171.7193901797, 2499745.9621008574 1121171.7268206717, 2499745.962607487 1121171.734276114, 2499745.96340097 1121171.7390114244, 2499745.9639101317 1121171.7437856758, 2499745.9654270746 1121171.7511027155, 2499745.9666620255 1121171.758472599, 2499745.967915829 1121171.763107331, 2499745.9688904975 1121171.7678086883, 2499745.971117332 1121171.774941811, 2499745.9730687104 1121171.782155157, 2499745.9747707588 1121171.7866446762, 2499745.9762015482 1121171.791227862, 2499745.9791168272 1121171.798108367, 2499745.9817658416 1121171.8050957122, 2499745.983899744 1121171.8093967834, 2499745.9857728747 1121171.8138176578, 2499745.9893485266 1121171.82037929, 2499745.992669662 1121171.8270733343, 2499745.9952148655 1121171.831144532, 2499745.9975123 1121171.8353605235, 2499746.0017138864 1121171.841540084, 2499746.005675161 1121171.847876367, 2499746.008607158 1121171.8516784897, 2499746.011306767 1121171.8556489893, 2499746.0160938203 1121171.8613869613, 2499746.020657088 1121171.8673044653, 2499746.0239476427 1121171.8708008965, 2499746.027023427 1121171.8744876666, 2499746.032349847 1121171.8797287932, 2499746.0374711603 1121171.8851705266, 2499746.04108858 1121171.8883275907, 2499746.0445109205 1121171.8916951285, 2499746.0503254146 1121171.8963889389, 2499746.0559554487 1121171.9013024906, 2499746.059864895 1121171.9040897829, 2499746.063600833 1121171.9071056575, 2499746.0698474026 1121171.9112069458, 2499746.075931939 1121171.9155449977, 2499746.0800957624 1121171.9179356755, 2499746.0841093184 1121171.920570842, 2499746.090727808 1121171.924040112, 2499746.0972082466 1121171.9277608846, 2499746.1015863447 1121171.9297319234, 2499746.1058388688 1121171.931961005, 2499746.1127655385 1121171.9347648448, 2499746.1195794693 1121171.9378325061, 2499746.1241296814 1121171.939364925, 2499746.1285802163 1121171.9411664528, 2499746.1357483566 1121171.9432778591, 2499746.14283016 1121171.9456628666, 2499746.147508665 1121171.9467419079, 2499746.15211435 1121171.948098532, 2499746.159454926 1121171.9494971703, 2499746.1667364016 1121171.9511765556, 2499746.171498143 1121171.9517918273, 2499746.176214623 1121171.9526904828, 2499746.1836569435 1121171.953362884, 2499746.1910679643 1121171.9543204731, 2499746.1958670844 1121171.9544660498, 2499746.200648936 1121171.9548980822, 2499746.208121326 1121171.9548377707, 2499746.215590522 1121171.9550643417, 2499746.220380802 1121171.9547388214, 2499746.2251819745 1121171.95470007, 2499746.23261247 1121171.9539076267, 2499746.2400679085 1121171.9534009974, 2499746.2448032163 1121171.952607515, 2499746.2495774706 1121171.952098353, 2499746.2568945126 1121171.9505814097, 2499746.2642643936 1121171.9493464592, 2499746.268899125 1121171.9480926562, 2499746.273600483 1121171.9471179873, 2499746.2807336044 1121171.9448911531, 2499746.2879469516 1121171.9429397744, 2499746.292436471 1121171.9412377256, 2499746.2970196567 1121171.9398069363, 2499746.303900164 1121171.9368916561, 2499746.3108875067 1121171.9342426427, 2499746.315188577 1121171.9321087406, 2499746.3196094525 1121171.9302356096, 2499746.3198582283 1121171.930115481, 2499749.0612999983 1121177.6149999984, 2499748.538800001 1121177.8663000017, 2499751.8225000016 1121184.6750000007, 2499753.3313000016 1121185.1587999985, 2499765.9963000007 1121189.2151000015, 2499764.1363999993 1121194.4844000004, 2499761.4263000004 1121193.5287999995, 2499758.1088000014 1121192.3575000018, 2499751.281300001 1121211.7149999999, 2499754.2463000007 1121212.7600000016, 2499759.8625000007 1121214.7413000017, 2499763.0637999997 1121215.870000001, 2499768.3176000006 1121200.9750999995, 2499769.756852868 1121196.895555624, 2499769.7579660583 1121196.8957301036, 2499769.76707905 1121196.8973840736, 2499769.7700796053 1121196.897628759, 2499769.773053813 1121196.898094931, 2499769.782300487 1121196.898625332, 2499769.7915317183 1121196.8993781086, 2499769.7945418125 1121196.8993275098, 2499769.7975473874 1121196.8994999134, 2499769.806801522 1121196.899121428, 2499769.81606209 1121196.8989657608, 2499769.8190527274 1121196.8986203652, 2499769.822060731 1121196.8984973407, 2499769.831233209 1121196.8972136136, 2499769.8404339245 1121196.8961510018, 2499769.843376308 1121196.8955141352, 2499769.8463577665 1121196.8950968676, 2499769.855360248 1121196.8929202622, 2499769.8644125066 1121196.8909609392, 2499769.867278296 1121196.890038736, 2499769.870204501 1121196.889331243, 2499769.8789502913 1121196.8862827201, 2499769.8877669107 1121196.883445556, 2499769.890528511 1121196.8822468964, 2499769.8933712766 1121196.8812559925, 2499769.90177614 1121196.8773649144, 2499769.9102722206 1121196.8736772297, 2499769.912903034 1121196.8722136575, 2499769.915634985 1121196.8709488856, 2499769.923617987 1121196.866252722, 2499769.9317116975 1121196.8617500344, 2499769.934186387 1121196.8600356453, 2499769.9367812146 1121196.858509185, 2499769.9442654704 1121196.8530531644, 2499769.951878868 1121196.8477788356, 2499769.9541736026 1121196.845830139, 2499769.956606315 1121196.8440566922, 2499769.9635197516 1121196.837893356, 2499769.970579511 1121196.8318981833, 2499769.9726721877 1121196.8297339494, 2499769.9749193606 1121196.8277305923, 2499769.981195395 1121196.8209192983, 2499769.9876335296 1121196.8142610174, 2499769.9895039992 1121196.8119020844, 2499769.991543986 1121196.8096881148, 2499769.9971221737 1121196.8022944634, 2499770.0028766836 1121196.795037193, 2499770.0045069302 1121196.7925062815, 2499770.0063200872 1121196.7901030185, 2499770.0111467093 1121196.7821982126, 2499770.0161621734 1121196.7744118464, 2499770.0175364977 1121196.7717333282, 2499770.0191053622 1121196.7691639187, 2499770.023133935 1121196.760824087, 2499770.0273620524 1121196.7525836106, 2499770.0284672184 1121196.7497832836, 2499770.029776682 1121196.7470724701, 2499770.0329684136 1121196.738377918, 2499770.0363684595 1121196.7297627036, 2499771.087068457 1121193.6299626976, 2499771.0902255303 1121193.6188884862, 2499771.093449215 1121193.607833426, 2499771.0935881706 1121193.6070931975, 2499771.0937946565 1121193.6063688972, 2499771.0958510716 1121193.595038526, 2499771.0979756406 1121193.5837207604, 2499771.098041372 1121193.582970477, 2499771.09817587 1121193.5822294247, 2499771.099111809 1121193.5707520857, 2499771.1001168163 1121193.5592805368, 2499771.1001086906 1121193.5585274189, 2499771.1001699045 1121193.5577767564, 2499771.0999763617 1121193.5462629776, 2499771.0998521205 1121193.5347481277, 2499771.0997702153 1121193.5339994328, 2499771.099757557 1121193.5332463847, 2499771.0984363924 1121193.5218069681, 2499771.0971841025 1121193.5103597934, 2499771.097029208 1121193.509622738, 2499771.0969427982 1121193.5088745507, 2499771.094506727 1121193.497619671, 2499771.092138457 1121193.4863504071, 2499771.0919120642 1121193.4856320827, 2499771.0917527354 1121193.484895968, 2499771.08822522 1121193.4739340483, 2499771.0847637765 1121193.4629511924, 2499771.0844680667 1121193.4622585194, 2499771.0842373525 1121193.4615415642, 2499771.079652384 1121193.4509782265, 2499771.0751310834 1121193.4403874963, 2499771.0747689 1121193.4397271362, 2499771.0744690257 1121193.4390362545, 2499771.068870778 1121193.428973243, 2499771.063333145 1121193.4188766195, 2499771.0629079784 1121193.4182549394, 2499771.0625418304 1121193.4175967774, 2499771.0559841846 1121193.4081309356, 2499771.049483582 1121193.3986257238, 2499771.0489995284 1121193.398048712, 2499771.0485706315 1121193.3974296069, 2499771.04111673 1121193.3886520858, 2499771.033715774 1121193.3798298363, 2499771.033177496 1121193.37930305, 2499771.0326899798 1121193.3787289637, 2499771.0244116206 1121193.3707243165, 2499771.016181573 1121193.3626699715, 2499771.0155942515 1121193.362198481, 2499771.0150528136 1121193.3616749453, 2499771.0063651213 1121193.3547862105, 2499771.8101000004 1121191.077300001, 2499772.295000002 1121191.2325000018, 2499772.6022000015 1121190.2734999992, 2499782.976300001 1121191.691300001, 2499785.7863 1121186.6174999997, 2499788.8938000016 1121180.3687999994, 2499790.727499999 1121176.7049999982, 2499789.2749999985 1121175.5249999985, 2499775.0612999983 1121173.5813000016, 2499774.9442999996 1121174.3279, 2499770.670000002 1121172.9587999992, 2499770.0863000005 1121174.7787999995, 2499764.285 1121172.920499999, 2499762.6827000007 1121169.5971000008, 2499764.2375000007 1121164.5113000013, 2499752.4574999996 1121160.4613000005, 2499749.450080754 1121163.6993748168, 2499749.449257296 1121163.6986561532, 2499749.4448890905 1121163.6944442077, 2499749.440020721 1121163.6905950315, 2499749.4353448297 1121163.6865141978, 2499749.4304039353 1121163.6829915207, 2499749.425643919 1121163.6792280143, 2499749.4204217056 1121163.675874556, 2499749.4153683395 1121163.6722716908, 2499749.4101059544 1121163.669250269, 2499749.4049999705 1121163.6659714477, 2499749.399474206 1121163.6631460031, 2499749.3940920318 1121163.6600558038))",Boiler for multiple buildings,Not documented,0.0,163216.1242319995,0.0,75.238632,0.0,617854,2216485,1468402,748083,2727.0792198952063,6654.779244091071,2127.1709043450364,35044.65,18.569908446061643,17.999999999999996,15.499999999999998,12.0,17.0,65.0,50.0,60.0,15.0,1636.1445783132529,884.6397712783942,5391.599999999999,1467.8980610635613,1259.181158831645,20.0,50.9,0.4108983799705449/0.20667648502700048/0.38242513500245456,"['existing', 'existing', 'existing', 'existing', 'existing', 'existing', 'existing', 'existing', 'existing']",Oil,Oil,Boiler,I/I/I,0.07317237004142181,120.29999999999984,57036.0,0.00152,2.7933235149729807,9.334144253169292,192.53756764923924,209.50615371848087,1259.181158831645,150214.43373493975,42777.0,6634,10012,22516
1024697,1919-1945,Education,794.22,True,2499955.8751777546,1120938.1593999993,444.20462203909364,9995,True,False,,"POLYGON ((2499948.198510055 1120926.1852408887, 2499948.1887145275 1120926.1900108252, 2499948.1788671957 1120926.1946728453, 2499948.1776883476 1120926.1953800283, 2499948.176452395 1120926.1959818762, 2499948.1671715635 1120926.2016889786, 2499948.157828615 1120926.2072937523, 2499948.15672476 1120926.2081130773, 2499948.1555537498 1120926.2088331718, 2499948.146877001 1120926.215422474, 2499948.1381284064 1120926.2219160276, 2499948.1371101746 1120926.2228396041, 2499948.1360153845 1120926.2236710102, 2499948.1280262917 1120926.2310790438, 2499948.1199562927 1120926.238398851, 2499946.935956293 1120927.4232988528, 2499946.9322526995 1120927.4273882597, 2499946.928333594 1120927.4312716129, 2499946.9240231067 1120927.436475152, 2499946.9194872826 1120927.4414834853, 2499946.916202357 1120927.4459162136, 2499946.912682756 1120927.4501650096, 2499946.9089030614 1120927.4557659929, 2499946.9048799803 1120927.4611947993, 2499946.902045354 1120927.4659281655, 2499946.898959158 1120927.4705014797, 2499946.8957466567 1120927.4764459666, 2499946.8922750633 1120927.4822429637, 2499946.889918038 1120927.487231377, 2499946.8872949653 1120927.492085172, 2499946.8846805934 1120927.498315918, 2499946.881793923 1120927.5044252735, 2499946.8799371985 1120927.5096206935, 2499946.8778025107 1120927.5147082238, 2499946.8758114483 1120927.5211652184, 2499946.873537499 1120927.5275281006, 2499946.8721989538 1120927.532880499, 2499946.870573212 1120927.5381527627, 2499946.869224634 1120927.5447738185, 2499946.8675853047 1120927.5513289527, 2499946.866777832 1120927.556786777, 2499946.8656766904 1120927.5621930049, 2499946.864983583 1120927.568914367, 2499946.8639946636 1120927.5755986138, 2499946.8637260394 1120927.5811093014, 2499946.863160103 1120927.5865974298, 2499946.8631291417 1120927.5933543642, 2499946.8628001553 1120927.6001033545, 2499946.8630729667 1120927.605613838, 2499946.863047686 1120927.6111310094, 2499946.9138564523 1120928.7520129147, 2499946.9081564364 1120928.750258635, 2499946.8964405255 1120928.746652048, 2499946.8964327774 1120928.7466504737, 2499946.89642522 1120928.746648148, 2499946.884410049 1120928.7442076376, 2499946.872397957 1120928.7417669625, 2499946.8723900933 1120928.7417661552, 2499946.872382343 1120928.741764581, 2499946.860184927 1120928.740513424, 2499946.847992338 1120928.7392619834, 2499946.8479844322 1120928.739261951, 2499946.847976566 1120928.739261144, 2499946.8357179766 1120928.7392115784, 2499946.8234587074 1120928.7391612355, 2499946.8234508345 1120928.7391619782, 2499946.823442929 1120928.7391619463, 2499946.6630630936 1120928.7463909963, 2499946.651799999 1120928.496100001, 2499927.232500002 1120929.3713000007, 2499927.5625 1120936.6799999997, 2499946.088799998 1120935.8449999988, 2499946.0775366584 1120935.5946722652, 2499946.577058246 1120935.5721547503, 2499946.577065379 1120935.5721540768, 2499946.577072544 1120935.5721541054, 2499948.806507919 1120935.4715273627, 2499948.817791269 1120935.7219360468, 2499948.5678000003 1120935.7331999987, 2499948.7437999994 1120939.638799999, 2499948.2837999985 1120939.6600000001, 2499948.673799999 1120948.2974999994, 2499950.6669000015 1120948.207800001, 2499950.655594872 1120947.95703404, 2499950.906584402 1120947.9457192481, 2499950.9294480453 1120948.4587390171, 2499950.929454713 1120948.4588100251, 2499950.929454429 1120948.4588813398, 2499950.930601483 1120948.4710228022, 2499950.931741664 1120948.4831654062, 2499950.931755259 1120948.4832354165, 2499950.931761967 1120948.4833064177, 2499950.93409365 1120948.4952773987, 2499950.936418444 1120948.5072493614, 2499950.9364388348 1120948.5073176995, 2499950.9364524703 1120948.5073877038, 2499950.9399462086 1120948.5190722342, 2499950.9434333434 1120948.5307589413, 2499950.943460337 1120948.5308249567, 2499950.9434807664 1120948.5308932823, 2499950.9481029552 1120948.5421790783, 2499950.9527188065 1120948.5534677356, 2499950.952752138 1120948.553530783, 2499950.9527791683 1120948.5535967816, 2499950.9584854566 1120948.5643754723, 2499950.9641854083 1120948.5751570466, 2499950.9642247595 1120948.575216524, 2499950.9642581283 1120948.5752795546, 2499950.9709934224 1120948.5854470083, 2499950.97772272 1120948.5956179937, 2499950.977767711 1120948.595673327, 2499950.9778070976 1120948.5957327844, 2499950.985506515 1120948.6051910687, 2499950.9932003687 1120948.6146535275, 2499950.993250568 1120948.6147041859, 2499950.993295592 1120948.6147594948, 2499951.0018849485 1120948.6234174997, 2499951.0104692974 1120948.6320803252, 2499951.01052422 1120948.6321258186, 2499951.0105744484 1120948.6321764486, 2499951.019971187 1120948.6399509492, 2499951.0293631963 1120948.647730557, 2499951.0294223125 1120948.6477704474, 2499951.0294772624 1120948.6478159109, 2499951.0395905613 1120948.654631781, 2499951.0497001065 1120948.6614535027, 2499951.0497628516 1120948.6614874087, 2499951.04982199 1120948.661527265, 2499951.060554557 1120948.6673189814, 2499951.071284173 1120948.6731170027, 2499951.0713499375 1120948.6731445943, 2499951.0714126998 1120948.6731784635, 2499951.082661454 1120948.677890391, 2499951.0939075295 1120948.6826087316, 2499951.0939756813 1120948.6826297443, 2499951.094041461 1120948.6826572984, 2499951.105697863 1120948.6862439548, 2499951.1173523003 1120948.6898372783, 2499951.117422184 1120948.6898515099, 2499951.1174903475 1120948.6898724837, 2499951.129442209 1120948.6922993495, 2499951.1413926994 1120948.6947330283, 2499951.141463641 1120948.6947403415, 2499951.1415335326 1120948.6947545332, 2499951.1536657293 1120948.6959982268, 2499951.165797205 1120948.6972488326, 2499951.165868522 1120948.6972491571, 2499951.165939468 1120948.6972564298, 2499951.1781350924 1120948.6973049713, 2499951.1903307885 1120948.697360463, 2499951.190401794 1120948.6973537956, 2499951.190473111 1120948.6973540795, 2499963.273473111 1120948.1519540795, 2499963.2856774232 1120948.1508010875, 2499963.2978845714 1120948.1496485055, 2499963.2978913332 1120948.1496471888, 2499963.297898189 1120948.149646541, 2499963.309930498 1120948.147302913, 2499963.3219661154 1120948.1449593278, 2499963.321972715 1120948.1449573548, 2499963.321979475 1120948.144956038, 2499963.3337247623 1120948.1414441334, 2499963.345472081 1120948.1379323255, 2499963.3454784555 1120948.1379297152, 2499963.345485054 1120948.1379277422, 2499963.3568300824 1120948.1332812938, 2499963.368176092 1120948.1286351725, 2499963.368182179 1120948.1286319504, 2499963.368188553 1120948.1286293399, 2499963.379023947 1120948.1228930324, 2499963.3898594966 1120948.117157406, 2499963.3898652387 1120948.1171536024, 2499963.3898713263 1120948.1171503798, 2499963.4000938972 1120948.110378574, 2499963.4103134717 1120948.1036095624, 2499963.410318812 1120948.1036052157, 2499963.410324556 1120948.1036014108, 2499963.4198360895 1120948.0958586466, 2499963.4293410345 1120948.0881221155, 2499963.4293459225 1120948.0881172668, 2499963.4293512665 1120948.0881129166, 2499963.438056928 1120948.079476281, 2499963.4467589394 1120948.0708442174, 2499963.44676333 1120948.070838911, 2499963.44676822 1120948.07083406, 2499963.4545836486 1120948.0613878535, 2499963.462399442 1120948.051942264, 2499963.462403292 1120948.0519365526, 2499963.4624076826 1120948.0519312457, 2499963.4692605184 1120948.041763098, 2499963.476111916 1120948.0315982911, 2499963.4761151862 1120948.0315922317, 2499963.476119037 1120948.0315865183, 2499963.4819404413 1120948.0207989363, 2499963.4877643026 1120948.010008223, 2499963.4877669658 1120948.0100018661, 2499963.4877702347 1120948.0099958086, 2499963.492506382 1120947.9986892357, 2499963.4972443827 1120947.9873799828, 2499963.497246408 1120947.9873734023, 2499963.49724907 1120947.987367047, 2499963.500855321 1120947.9756469638, 2499963.5044608586 1120947.9639314937, 2499963.5044622296 1120947.963924744, 2499963.504464255 1120947.9639181609, 2499963.5069034444 1120947.9519056084, 2499963.5093442313 1120947.9398885772, 2499963.5093449345 1120947.939881723, 2499963.5093463045 1120947.9398749755, 2499963.5105963107 1120947.9276812011, 2499963.5118474714 1120947.9154827795, 2499963.5118474993 1120947.9154758917, 2499963.5118482015 1120947.9154690402, 2499963.51189699 1120947.9032113936, 2499963.511946471 1120947.8909491422, 2499962.645746471 1120928.6773491427, 2499962.6445960137 1120928.6651645, 2499962.6434483146 1120928.6529797178, 2499962.643442929 1120928.6529520256, 2499962.643440277 1120928.652923938, 2499962.641100996 1120928.6409104276, 2499962.6387645653 1120928.628897117, 2499962.6387564912 1120928.6288700863, 2499962.638751099 1120928.6288423934, 2499962.6352456748 1120928.617116429, 2499962.6317428625 1120928.6053895683, 2499962.631732177 1120928.605363457, 2499962.631724097 1120928.6053364282, 2499962.6270862333 1120928.5940105845, 2499962.6224508276 1120928.582683462, 2499962.622437635 1120928.5826585253, 2499962.622426944 1120928.582632417, 2499962.616700877 1120928.571814927, 2499962.610977949 1120928.5609974705, 2499962.610962377 1120928.560973949, 2499962.6109491773 1120928.5609490124, 2499962.6041906136 1120928.550745212, 2499962.597434717 1120928.5405404416, 2499962.597416912 1120928.5405185565, 2499962.597401334 1120928.5404950373, 2499962.589675621 1120928.5310033837, 2499962.5819515595 1120928.521509388, 2499962.581931696 1120928.521489354, 2499962.5819138866 1120928.5214674743, 2499962.573294841 1120928.512778587, 2499962.5646775886 1120928.504087589, 2499962.5646558567 1120928.5040695986, 2499962.564635989 1120928.5040495696, 2499962.555206763 1120928.4962473165, 2499962.545779161 1120928.4884428256, 2499962.5457557705 1120928.488427052, 2499962.5457340353 1120928.488409067, 2499962.5355858314 1120928.4815688601, 2499962.5254382803 1120928.474725766, 2499962.525413455 1120928.4747123604, 2499962.5253900625 1120928.4746965931, 2499962.514620448 1120928.468884119, 2499962.503850839 1120928.463068513, 2499962.5038248193 1120928.463057605, 2499962.503799994 1120928.4630442066, 2499962.49251208 1120928.4583151452, 2499962.4812247367 1120928.453583332, 2499962.481197775 1120928.4535750276, 2499962.481171754 1120928.4535641263, 2499962.4694744796 1120928.4499641885, 2499962.457777875 1120928.4463615704, 2499962.4577502282 1120928.4463559485, 2499962.457723265 1120928.4463476504, 2499962.4457292496 1120928.443911538, 2499962.43373606 1120928.441472778, 2499962.433707997 1120928.4414698933, 2499962.4336803486 1120928.4414642777, 2499962.4215053804 1120928.4402155227, 2499962.409330827 1120928.4389640365, 2499962.4093026146 1120928.4389639164, 2499962.409274551 1120928.438961038, 2499962.3970361766 1120928.4389116527, 2499962.3847972127 1120928.4388595063, 2499952.992756469 1120928.8601561142, 2499952.9249494676 1120927.3471158373, 2499952.9241527966 1120927.3386540466, 2499952.923611791 1120927.3301720747, 2499952.923003551 1120927.3264474052, 2499952.922649796 1120927.3226900173, 2499952.921027562 1120927.3143470648, 2499952.9196577817 1120927.3059589588, 2499952.918687389 1120927.3023118423, 2499952.9179670494 1120927.2986072218, 2499952.9155348735 1120927.290463446, 2499952.9133495116 1120927.2822499964, 2499952.9120263127 1120927.2787155588, 2499952.9109463245 1120927.2750993806, 2499952.90772763 1120927.2672332127, 2499952.904747733 1120927.2592735179, 2499952.90308447 1120927.255885795, 2499952.901655235 1120927.2523928878, 2499952.897681021 1120927.244880088, 2499952.8939352855 1120927.237250799, 2499952.8919479754 1120927.2340424154, 2499952.890183259 1120927.2307064189, 2499952.8854918014 1120927.22361934, 2499952.881016299 1120927.2163939306, 2499952.878724082 1120927.2133957865, 2499952.876640878 1120927.2102488265, 2499952.8712773533 1120927.2036557135, 2499952.8661151906 1120927.1969037761, 2499952.8635401437 1120927.194144748, 2499952.861158513 1120927.1912171284, 2499952.855174574 1120927.1851814776, 2499952.8493754654 1120927.1789680358, 2499952.846542385 1120927.1764746911, 2499952.8438852667 1120927.1737946104, 2499952.837338547 1120927.1683745533, 2499952.830958337 1120927.1627594412, 2499951.6018583374 1120926.1837594418, 2499951.592228372 1120926.176833123, 2499951.582620922 1120926.1698756232, 2499951.5822705594 1120926.169671001, 2499951.581941172 1120926.1694340901, 2499951.5716786943 1120926.1634850334, 2499951.5614355383 1120926.1575027225, 2499951.5610668072 1120926.1573334273, 2499951.560715784 1120926.1571299427, 2499951.5499196094 1120926.152215429, 2499951.5391394114 1120926.1472659311, 2499951.5387558616 1120926.1471335932, 2499951.538386584 1120926.1469654946, 2499951.527160682 1120926.1431328533, 2499951.5159472656 1120926.1392638355, 2499951.515552592 1120926.1391697293, 2499951.515168615 1120926.1390386357, 2499951.503621103 1120926.1363247803, 2499951.492082454 1120926.1335735, 2499951.4916804563 1120926.1335185317, 2499951.491285479 1120926.1334257056, 2499951.479527559 1120926.1318567712, 2499951.467774807 1120926.1302497257, 2499951.467369358 1120926.1302344247, 2499951.4669671836 1120926.13018076, 2499951.455112088 1120926.1297718578, 2499951.443258421 1120926.129324522, 2499948.293958419 1120926.165124523, 2499948.2830831623 1120926.1657827834, 2499948.27220133 1120926.166321518, 2499948.2708415883 1120926.1665237446, 2499948.269469401 1120926.1666068006, 2499948.2587110316 1120926.1683278529, 2499948.2479344043 1120926.1699305992, 2499948.246601031 1120926.1702651302, 2499948.2452435927 1120926.1704822842, 2499948.234705727 1120926.173249552, 2499948.224138082 1120926.1759008765, 2499948.222843918 1120926.1763644905, 2499948.221514302 1120926.1767136508, 2499948.2112984187 1120926.180500485, 2499948.201041535 1120926.184174853, 2499948.199799046 1120926.1847630842, 2499948.198510055 1120926.1852408887))",Solar thermal installation for multiple buildings,Not documented,0.0,93626.27921429987,0.0,47.67702659999999,0.0,617918,727409,443575,283834,1342.7622776761048,1763.5783003448655,563.7200439607147,0.0,0.0,18.0,14.199999999999998,12.0,17.0,65.0,50.0,60.0,15.0,637.9277108433735,411.1090769209666,857.7358451966857,857.7085978298984,485.05367984620636,20.0,158.8,1.0,"['existing', 'existing', 'existing', 'existing', 'existing', 'existing', 'existing']",Oil,Oil,Boiler,VII,0.151819578851999,114.5500000000044,13501.74,0.00261,2.0,9.004622039093613,113.86664516354443,113.8636192323428,485.05367984620636,62778.466024096386,11119.08,6634,10012,22516
